W/L,winner,method,Round,Date,Fighter,Opponent,f_SLpM,f_SApM,f_TD_pct,f_W_pct,f_KO_pct,f_Sub_pct,f_Finish_pct,f_ctrl,o_SLpM,o_SApM,o_TD_pct,o_W_pct,o_KO_pct,o_Sub_pct,o_Finish_pct,o_ctrl,f_ELO,o_ELO,f_survivor_score,o_survivor_score
loss,Terry Etim,SUB,1,2011-11-05,Edward Faaloloto,Terry Etim,2.329,6.027,0.5,0.0,0.0,0.0,1.0,105.0,0.0,0.0,0.0,0.0,0.0,0.0,0.0,0.0,1000.0,1000.0,1000.0,1000.0
loss,Michael Johnson,KO/TKO,1,2011-06-26,Edward Faaloloto,Michael Johnson,1.717,6.162,1.0,0.0,0.0,0.0,1.0,145.0,0.0,0.0,0.0,0.0,0.0,0.0,0.0,0.0,1000.0,1000.0,1000.0,1000.0
loss,Anthony Njokuani,KO/TKO,2,2010-11-11,Edward Faaloloto,Anthony Njokuani,0.0,0.0,0.0,0.0,0.0,0.0,0.0,0.0,0.0,0.0,0.0,0.0,0.0,0.0,0.0,0.0,1000.0,1000.0,1000.0,1000.0
loss,Petr Yan,KO/TKO,3,2019-12-14,Urijah Faber,Petr Yan,2.663,2.5,1.267,0.6,0.143,0.619,1.0,30.633,0.0,0.0,0.0,0.0,0.0,0.0,0.0,0.0,1008.0,1000.0,1010.0,1000.0
win,Urijah Faber,KO/TKO,1,2019-07-13,Urijah Faber,Ricky Simon,2.638,2.494,1.31,0.4,0.1,0.65,1.0,31.69,3.2,2.4,14.0,1.0,0.0,0.0,1.0,0.0,1016.0,1000.0,1020.0,1000.0
win,Urijah Faber,DEC,3,2016-12-17,Urijah Faber,Brad Pickett,2.55,2.55,1.179,0.4,0.105,0.684,1.0,32.821,0.0,0.0,0.0,0.0,0.0,0.0,0.0,0.0,1032.0,1000.0,1030.0,1000.0
loss,Jimmie Rivera,DEC,3,2016-09-10,Urijah Faber,Jimmie Rivera,2.599,2.503,1.222,0.6,0.105,0.684,1.0,34.037,0.0,0.0,0.0,0.0,0.0,0.0,0.0,0.0,1000.0,1000.0,1000.0,1000.0
loss,Dominick Cruz,DEC,5,2016-06-04,Urijah Faber,Dominick Cruz,2.7,2.423,1.231,0.6,0.105,0.684,1.0,35.346,3.529,2.028,3.0,0.5,0.0,0.0,1.0,22.5,1055.0,1000.0,1040.0,1000.0
win,Urijah Faber,DEC,3,2015-12-12,Urijah Faber,Frankie Saenz,2.582,2.322,1.2,0.6,0.111,0.722,1.0,36.76,0.0,0.0,0.0,0.0,0.0,0.0,0.0,0.0,1016.0,1008.0,860.0,1010.0
loss,Frankie Edgar,DEC,5,2015-05-16,Urijah Faber,Frankie Edgar,2.644,2.228,1.25,0.8,0.111,0.722,1.0,38.292,4.6,1.2,10.0,1.0,0.0,0.0,1.0,0.0,1024.0,1000.0,870.0,1000.0
win,Urijah Faber,SUB,2,2014-12-06,Urijah Faber,Francisco Rivera,2.638,2.227,1.304,0.8,0.118,0.706,1.0,39.957,5.464,2.571,2.0,1.0,1.0,0.0,1.0,0.0,1000.0,992.0,1000.0,880.0
win,Urijah Faber,SUB,3,2014-07-05,Urijah Faber,Alex Caceres,2.675,2.246,1.136,0.8,0.125,0.688,1.0,41.773,3.667,2.733,1.0,0.0,0.0,0.0,1.0,0.0,1000.0,992.0,890.0,880.0
loss,Renan Barao,KO/TKO,1,2014-02-01,Urijah Faber,Renan Barao,2.683,2.211,1.19,0.8,0.125,0.688,1.0,43.762,3.4,2.4,0.0,1.0,0.0,0.0,1.0,0.0,1008.0,1000.0,900.0,1000.0
win,Urijah Faber,SUB,2,2013-12-14,Urijah Faber,Michael McDonald,2.656,2.251,1.2,0.8,0.133,0.667,1.0,45.95,3.4,3.0,5.0,1.0,0.0,0.0,1.0,0.0,1048.0,992.0,880.0,1100.0
win,Urijah Faber,DEC,3,2013-08-17,Urijah Faber,Iuri Alcantara,2.592,2.367,1.053,0.6,0.143,0.714,1.0,48.368,0.0,0.0,0.0,0.0,0.0,0.0,0.0,0.0,1088.0,992.0,890.0,820.0
win,Urijah Faber,SUB,4,2013-04-13,Urijah Faber,Scott Jorgensen,2.368,2.221,0.889,0.6,0.154,0.692,1.0,51.056,0.0,0.0,0.0,0.0,0.0,0.0,0.0,0.0,1156.0,976.0,900.0,820.0
win,Urijah Faber,SUB,1,2013-02-23,Urijah Faber,Ivan Menjivar,2.337,2.257,0.941,0.6,0.167,0.667,1.0,54.059,0.0,0.0,0.0,0.0,0.0,0.0,0.0,0.0,1016.0,1000.0,1000.0,1000.0
loss,Renan Barao,DEC,5,2012-07-21,Urijah Faber,Renan Barao,2.328,2.093,1.0,0.6,0.167,0.667,1.0,57.438,0.0,0.0,0.0,0.0,0.0,0.0,0.0,0.0,1000.0,1000.0,820.0,1000.0
win,Urijah Faber,SUB,2,2011-11-19,Urijah Faber,Brian Bowles,2.203,2.096,1.0,0.6,0.182,0.636,1.0,61.267,0.0,0.0,0.0,0.0,0.0,0.0,0.0,0.0,984.0,1000.0,760.0,1000.0
loss,Dominick Cruz,DEC,5,2011-07-02,Urijah Faber,Dominick Cruz,2.239,1.833,1.0,0.6,0.182,0.636,1.0,55.786,2.449,2.449,2.0,0.0,0.0,0.0,1.0,0.0,1000.0,1000.0,1000.0,1000.0
win,Urijah Faber,DEC,3,2011-03-19,Urijah Faber,Eddie Wineland,2.118,1.962,0.923,0.6,0.2,0.7,1.0,36.538,0.0,0.0,0.0,0.0,0.0,0.0,0.0,0.0,992.0,1000.0,880.0,1000.0
win,Urijah Faber,SUB,1,2010-11-11,Urijah Faber,Takeya Mizugaki,2.112,1.982,1.0,0.4,0.222,0.667,1.0,39.583,0.0,0.0,0.0,0.0,0.0,0.0,0.0,0.0,1000.0,1000.0,1000.0,1000.0
loss,Jose Aldo,DEC,5,2010-04-24,Urijah Faber,Jose Aldo,2.446,1.702,1.091,0.6,0.222,0.667,1.0,43.182,0.0,0.0,0.0,0.0,0.0,0.0,0.0,0.0,992.0,1000.0,880.0,1000.0
win,Urijah Faber,SUB,3,2010-01-10,Urijah Faber,Raphael Assuncao,2.515,1.815,1.0,0.6,0.25,0.625,1.0,47.5,0.0,0.0,0.0,0.0,0.0,0.0,0.0,0.0,1000.0,1000.0,1000.0,1000.0
loss,Mike Brown,DEC,5,2009-06-07,Urijah Faber,Mike Brown,2.934,1.535,0.889,0.8,0.25,0.625,1.0,52.778,7.972,1.678,0.0,1.0,1.0,0.0,1.0,0.0,1000.0,1000.0,900.0,1000.0
win,Urijah Faber,SUB,1,2009-01-25,Urijah Faber,Jens Pulver,2.945,1.559,0.875,0.8,0.286,0.571,1.0,59.375,1.8,3.8,0.0,0.0,0.0,0.0,1.0,0.0,1008.0,1000.0,1010.0,1000.0
loss,Mike Brown,KO/TKO,1,2008-11-05,Urijah Faber,Mike Brown,2.999,1.283,1.0,1.0,0.286,0.571,1.0,67.857,0.0,0.0,0.0,0.0,0.0,0.0,0.0,0.0,1000.0,1000.0,980.0,1000.0
win,Urijah Faber,DEC,5,2008-06-01,Urijah Faber,Jens Pulver,2.339,0.857,0.5,1.0,0.333,0.667,1.0,79.167,0.0,0.0,0.0,0.0,0.0,0.0,0.0,0.0,1000.0,1000.0,1000.0,1000.0
win,Urijah Faber,SUB,2,2007-12-12,Urijah Faber,Jeff Curran,2.743,0.77,0.6,1.0,0.4,0.6,1.0,46.8,0.0,0.0,0.0,0.0,0.0,0.0,0.0,0.0,1168.6,1000.0,910.0,1000.0
win,Urijah Faber,SUB,1,2007-06-03,Urijah Faber,Chance Farrar,3.746,0.989,1.0,1.0,0.667,0.333,1.0,43.0,0.0,0.0,0.0,0.0,0.0,0.0,0.0,0.0,1008.0,1000.0,1010.0,1000.0
win,Urijah Faber,SUB,1,2007-03-24,Urijah Faber,Dominick Cruz,3.915,0.799,1.5,1.0,1.0,0.0,1.0,64.5,0.0,0.0,0.0,0.0,0.0,0.0,0.0,0.0,1008.0,1000.0,1010.0,1000.0
win,Urijah Faber,KO/TKO,1,2007-01-20,Urijah Faber,Joe Pearson,3.7,0.9,1.0,1.0,1.0,0.0,1.0,0.0,0.0,0.0,0.0,0.0,0.0,0.0,0.0,0.0,1008.0,1000.0,1010.0,1000.0
win,Urijah Faber,KO/TKO,2,2006-03-17,Urijah Faber,Cole Escovedo,0.0,0.0,0.0,0.0,0.0,0.0,0.0,0.0,0.0,0.0,0.0,0.0,0.0,0.0,0.0,0.0,1180.4019999999998,1000.0,910.0,1000.0
loss,Ji Yeon Kim,DEC,3,2018-06-23,Melinda Fabian,Ji Yeon Kim,3.267,3.133,0.0,0.0,0.0,0.0,1.0,591.0,0.0,0.0,0.0,0.0,0.0,0.0,0.0,0.0,1016.0,1000.0,1020.0,1000.0
draw,Draw,DEC,3,2017-12-01,Melinda Fabian,DeAnna Bennett,0.0,0.0,0.0,0.0,0.0,0.0,0.0,0.0,0.0,0.0,0.0,0.0,0.0,0.0,0.0,0.0,1016.0,1000.0,1020.0,1000.0
loss,Joseph Benavidez,SUB,2,2010-11-11,Wagnney Fabiano,Joseph Benavidez,1.241,0.467,3.2,0.8,0.0,0.25,1.0,0.0,0.0,0.0,0.0,0.0,0.0,0.0,0.0,0.0,1193.0301399999998,1000.0,1010.0,1000.0
win,Wagnney Fabiano,DEC,3,2010-06-20,Wagnney Fabiano,Frank Gomez,1.425,0.532,2.5,0.75,0.0,0.333,1.0,0.0,0.0,0.0,0.0,0.0,0.0,0.0,0.0,0.0,1008.0,1000.0,1000.0,1000.0
win,Wagnney Fabiano,DEC,3,2010-01-10,Wagnney Fabiano,Clint Godfrey,1.779,0.562,2.333,0.667,0.0,0.5,1.0,0.0,0.0,0.0,0.0,0.0,0.0,0.0,0.0,0.0,1016.0,1000.0,1020.0,1000.0
loss,Mackens Semerzier,SUB,1,2009-10-10,Wagnney Fabiano,Mackens Semerzier,1.879,0.57,3.0,1.0,0.0,0.5,1.0,0.0,0.0,0.0,0.0,0.0,0.0,0.0,0.0,0.0,1032.0,1000.0,1030.0,1000.0
win,Wagnney Fabiano,DEC,3,2009-04-05,Wagnney Fabiano,Fredson Paixao,0.743,0.27,3.0,1.0,0.0,1.0,1.0,0.0,0.0,0.0,0.0,0.0,0.0,0.0,0.0,0.0,1016.0,1000.0,1010.0,1000.0
win,Wagnney Fabiano,SUB,3,2008-12-03,Wagnney Fabiano,Akitoshi Tamura,0.0,0.0,0.0,0.0,0.0,0.0,0.0,0.0,0.0,0.0,0.0,0.0,0.0,0.0,0.0,0.0,1206.5422497999998,1000.0,1020.0,1000.0
loss,Gerald Meerschaert,SUB,1,2021-04-17,Bartosz Fabinski,Gerald Meerschaert,2.196,1.354,4.6,0.6,0.0,0.0,1.0,0.0,0.0,0.0,0.0,0.0,0.0,0.0,0.0,0.0,1032.0,992.0,1040.0,820.0
loss,Andre Muniz,SUB,1,2020-09-05,Bartosz Fabinski,Andre Muniz,2.216,1.347,5.5,0.75,0.0,0.0,1.0,0.0,0.0,0.0,0.0,0.0,0.0,0.0,0.0,0.0,1000.0,1000.0,1000.0,1000.0
loss,Michel Prazeres,SUB,1,2018-11-17,Bartosz Fabinski,Michel Prazeres,2.244,0.978,7.333,1.0,0.0,0.0,1.0,0.0,0.0,0.0,0.0,0.0,0.0,0.0,0.0,0.0,1055.0,1000.0,1040.0,1000.0
win,Bartosz Fabinski,DEC,3,2018-07-22,Bartosz Fabinski,Emil Meek,2.2,0.767,8.0,1.0,0.0,0.0,1.0,0.0,0.0,0.0,0.0,0.0,0.0,0.0,0.0,0.0,1000.0,1000.0,830.0,1000.0
win,Bartosz Fabinski,DEC,3,2015-11-21,Bartosz Fabinski,Hector Urbina,2.733,0.867,10.0,1.0,0.0,0.0,1.0,0.0,0.0,0.0,0.0,0.0,0.0,0.0,0.0,0.0,1060.0,1000.0,1140.0,1000.0
win,Bartosz Fabinski,DEC,3,2015-04-11,Bartosz Fabinski,Garreth McLellan,0.0,0.0,0.0,0.0,0.0,0.0,0.0,0.0,0.0,0.0,0.0,0.0,0.0,0.0,0.0,0.0,1192.0842923139999,1039.0,900.0,1010.0
nc,Draw,other,2,2005-10-07,Ron Faircloth,Alessio Sakara,0.0,0.0,0.0,0.0,0.0,0.0,0.0,0.0,0.0,0.0,0.0,0.0,0.0,0.0,0.0,0.0,1102.0,1000.0,1150.0,1000.0
loss,Guy Mezger,KO/TKO,1,1994-12-16,Jason Fairn,Guy Mezger,0.0,0.0,0.0,0.0,0.0,0.0,0.0,0.0,0.0,0.0,0.0,0.0,0.0,0.0,0.0,0.0,1094.0,1000.0,1050.0,1000.0
win,Rinat Fakhretdinov,KO/TKO,1,2025-09-06,Rinat Fakhretdinov,Andreas Gustafsson,4.782,3.583,3.333,0.8,0.0,0.2,1.0,32.333,0.0,0.0,0.0,0.0,0.0,0.0,0.0,0.0,1008.0,1000.0,1100.0,1000.0
win,Rinat Fakhretdinov,DEC,3,2024-10-26,Rinat Fakhretdinov,Carlos Leal,4.17,2.709,3.6,0.8,0.0,0.25,1.0,0.0,0.0,0.0,0.0,0.0,0.0,0.0,0.0,0.0,1000.0,1000.0,1000.0,1000.0
win,Rinat Fakhretdinov,DEC,3,2024-06-22,Rinat Fakhretdinov,Nicolas Dalby,4.051,2.156,3.25,0.75,0.0,0.333,1.0,0.0,0.0,0.0,0.0,0.0,0.0,0.0,0.0,0.0,1109.14,1000.0,1160.0,1000.0
draw,Draw,DEC,3,2023-11-04,Rinat Fakhretdinov,Elizeu Zaleski dos Santos,3.202,0.776,4.0,1.0,0.0,0.333,1.0,0.0,0.0,0.0,0.0,0.0,0.0,0.0,0.0,0.0,1116.7798,1000.0,1170.0,1000.0
win,Rinat Fakhretdinov,SUB,1,2023-07-01,Rinat Fakhretdinov,Kevin Lee,2.933,0.7,6.0,1.0,0.0,0.0,1.0,0.0,3.919,3.848,3.0,0.0,0.0,0.0,1.0,0.0,1160.0,1000.0,1060.0,1000.0
win,Rinat Fakhretdinov,DEC,3,2022-12-17,Rinat Fakhretdinov,Bryan Battle,3.0,1.2,5.0,1.0,0.0,0.0,1.0,0.0,0.0,0.0,0.0,0.0,0.0,0.0,0.0,0.0,1181.3683918520198,924.0,1000.0,700.0
win,Rinat Fakhretdinov,DEC,3,2022-06-04,Rinat Fakhretdinov,Andreas Michailidis,0.0,0.0,0.0,0.0,0.0,0.0,0.0,0.0,0.0,0.0,0.0,0.0,0.0,0.0,0.0,0.0,1016.0,1000.0,1120.0,1000.0
loss,Victor Henry,DEC,3,2025-04-05,Pedro Falcao,Victor Henry,2.905,2.628,2.0,0.5,1.0,0.0,1.0,210.0,0.0,0.0,0.0,0.0,0.0,0.0,0.0,0.0,1108.605214,1000.0,1050.0,1000.0
loss,Victor Hugo,DEC,3,2024-04-06,Pedro Falcao,Victor Hugo,3.018,0.575,3.0,1.0,1.0,0.0,1.0,420.0,0.0,0.0,0.0,0.0,0.0,0.0,0.0,0.0,1116.2075789799999,1000.0,1060.0,1000.0
win,Pedro Falcao,KO/TKO,3,2021-10-19,Pedro Falcao,James Barnes,0.0,0.0,0.0,0.0,0.0,0.0,0.0,0.0,0.0,0.0,0.0,0.0,0.0,0.0,0.0,0.0,1000.0,1000.0,1000.0,1000.0
loss,Joanne Wood,SUB,1,2018-08-25,Kalindra Faria,Joanne Wood,2.123,1.564,0.5,0.0,0.0,0.0,1.0,32.0,0.0,0.0,0.0,0.0,0.0,0.0,0.0,0.0,1000.0,1000.0,1220.0,1000.0
loss,Jessica Eye,DEC,3,2018-01-14,Kalindra Faria,Jessica Eye,0.0,1.034,0.0,0.0,0.0,0.0,1.0,0.0,0.0,0.0,0.0,0.0,0.0,0.0,0.0,0.0,1148.8,1000.0,930.0,1000.0
loss,Mara Romero Borella,SUB,1,2017-10-07,Kalindra Faria,Mara Romero Borella,0.0,0.0,0.0,0.0,0.0,0.0,0.0,0.0,0.0,0.0,0.0,0.0,0.0,0.0,0.0,0.0,1124.3421095085998,1000.0,1070.0,1000.0
loss,Connor Matthews,DEC,3,2023-10-10,Jair Farias,Connor Matthews,0.0,0.0,0.0,0.0,0.0,0.0,0.0,0.0,0.0,0.0,0.0,0.0,0.0,0.0,0.0,0.0,1115.6381618429978,1000.0,890.0,1000.0
loss,Micah Miller,KO/TKO,1,2008-02-13,Chance Farrar,Micah Miller,0.302,0.603,1.0,0.0,0.0,0.0,1.0,12.5,0.0,0.0,0.0,0.0,0.0,0.0,0.0,0.0,1159.216,1000.0,940.0,1000.0
loss,Urijah Faber,SUB,1,2007-06-03,Chance Farrar,Urijah Faber,0.0,0.0,0.0,0.0,0.0,0.0,0.0,0.0,3.746,0.989,1.0,1.0,0.667,0.333,1.0,43.0,1123.7328331720075,1000.0,990.0,1000.0
loss,Daniel Rodriguez,DEC,3,2019-07-30,Rico Farrington,Daniel Rodriguez,0.0,0.0,0.0,0.0,0.0,0.0,0.0,0.0,0.0,0.0,0.0,0.0,0.0,0.0,0.0,0.0,1000.0,1000.0,1000.0,1000.0
loss,Ketlen Vieira,DEC,3,2016-10-01,Kelly Faszholz,Ketlen Vieira,5.095,6.369,0.0,0.0,0.0,0.0,1.0,377.0,0.0,0.0,0.0,0.0,0.0,0.0,0.0,0.0,1132.394131494048,1000.0,1000.0,1000.0
loss,Lauren Murphy,KO/TKO,3,2016-02-21,Kelly Faszholz,Lauren Murphy,0.0,0.0,0.0,0.0,0.0,0.0,0.0,0.0,0.0,0.0,0.0,0.0,0.0,0.0,0.0,0.0,1170.3611199999998,1000.0,950.0,1000.0
loss,Chalid Arrab,DEC,2,2003-10-05,Rodney Faverus,Chalid Arrab,0.0,0.0,0.0,0.0,0.0,0.0,0.0,0.0,0.0,0.0,0.0,0.0,0.0,0.0,0.0,0.0,1141.6617206986314,1000.0,1010.0,1000.0
loss,Rafael Dos Anjos,DEC,5,2020-11-14,Paul Felder,Rafael Dos Anjos,3.668,3.404,0.214,0.6,0.444,0.111,1.0,31.214,4.84,7.96,0.0,0.0,0.0,0.0,1.0,0.0,1182.2863983999998,1000.0,980.0,1000.0
loss,Dan Hooker,DEC,5,2020-02-22,Paul Felder,Dan Hooker,3.551,3.167,0.231,0.8,0.444,0.111,1.0,33.615,0.0,0.0,0.0,0.0,0.0,0.0,0.0,0.0,1151.5780411475355,1008.703947665602,1020.0,1010.0
win,Paul Felder,DEC,3,2019-09-07,Paul Felder,Edson Barboza,3.532,3.079,0.25,0.8,0.5,0.125,1.0,36.417,4.585,4.716,1.0,0.5,0.0,0.0,1.0,9.0,1000.0,1000.0,1000.0,1000.0
win,Paul Felder,DEC,3,2019-02-17,Paul Felder,James Vick,3.516,2.962,0.273,0.6,0.571,0.143,1.0,39.727,0.0,0.0,0.0,0.0,0.0,0.0,0.0,0.0,1161.579227691271,1049.71590046198,1030.0,1110.0
loss,Mike Perry,DEC,3,2018-07-07,Paul Felder,Mike Perry,3.487,2.804,0.3,0.8,0.571,0.143,1.0,43.7,0.0,0.0,0.0,0.0,0.0,0.0,0.0,0.0,1195.0464462879997,987.37186,1000.0,1100.0
win,Paul Felder,KO/TKO,2,2017-12-02,Paul Felder,Charles Oliveira,3.494,2.995,0.333,0.8,0.5,0.167,1.0,48.556,0.0,0.0,0.0,0.0,0.0,0.0,0.0,0.0,1008.0,1000.0,1010.0,1000.0
win,Paul Felder,KO/TKO,1,2017-07-16,Paul Felder,Stevie Ray,3.4,3.064,0.375,0.6,0.4,0.2,1.0,54.625,0.0,0.0,0.0,0.0,0.0,0.0,0.0,0.0,1209.5836673281597,961.0,1010.0,820.0
win,Paul Felder,KO/TKO,1,2017-02-19,Paul Felder,Alex Ricci,3.326,2.995,0.429,0.4,0.25,0.25,1.0,62.429,0.0,0.0,0.0,0.0,0.0,0.0,0.0,0.0,1169.4096605973214,1000.0,1040.0,1000.0
loss,Francisco Trinaldo,KO/TKO,3,2016-09-24,Paul Felder,Francisco Trinaldo,3.429,3.059,0.5,0.6,0.25,0.25,1.0,72.833,0.0,0.0,0.0,0.0,0.0,0.0,0.0,0.0,992.0,1000.0,820.0,1000.0
win,Paul Felder,DEC,3,2016-05-29,Paul Felder,Joshua Burkman,3.586,3.148,0.6,0.6,0.333,0.333,1.0,87.4,6.269,1.791,0.0,1.0,0.0,1.0,1.0,7.0,1000.0,1000.0,830.0,1000.0
win,Paul Felder,SUB,3,2016-01-17,Paul Felder,Daron Cruickshank,3.663,3.375,0.25,0.5,0.5,0.0,1.0,109.25,0.0,0.0,0.0,0.0,0.0,0.0,0.0,0.0,1181.2683368391338,1000.0,1050.0,1000.0
loss,Ross Pearson,DEC,3,2015-09-05,Paul Felder,Ross Pearson,3.526,3.069,0.333,0.667,0.5,0.0,1.0,145.667,0.0,0.0,0.0,0.0,0.0,0.0,0.0,0.0,1000.0,1000.0,830.0,1000.0
loss,Edson Barboza,DEC,3,2015-07-25,Paul Felder,Edson Barboza,3.792,2.257,0.5,1.0,0.5,0.0,1.0,218.5,0.0,0.0,0.0,0.0,0.0,0.0,0.0,0.0,1000.0,1000.0,1000.0,1000.0
win,Paul Felder,KO/TKO,2,2015-01-03,Paul Felder,Danny Castillo,3.4,1.933,1.0,1.0,0.0,0.0,1.0,437.0,1.533,1.533,2.0,0.0,0.0,0.0,1.0,0.0,1168.5795532603945,990.0836795510958,1150.0,880.0
win,Paul Felder,DEC,3,2014-10-04,Paul Felder,Jason Saggo,0.0,0.0,0.0,0.0,0.0,0.0,0.0,0.0,0.0,0.0,0.0,0.0,0.0,0.0,0.0,0.0,1008.0,1000.0,850.0,1000.0
loss,Arisa Matsuda,DEC,3,2025-05-22,Feng Xiaocan,Arisa Matsuda,5.428,1.762,0.667,0.667,0.5,0.0,1.0,18.333,0.0,0.0,0.0,0.0,0.0,0.0,0.0,0.0,1226.984524041131,1000.0,1050.0,1000.0
loss,Shi Ming,KO/TKO,3,2024-11-23,Feng Xiaocan,Shi Ming,6.041,1.114,1.0,1.0,0.5,0.0,1.0,0.0,0.0,0.0,0.0,0.0,0.0,0.0,0.0,0.0,1181.0742644200454,1000.0,1250.0,1000.0
win,Feng Xiaocan,DEC,3,2024-08-23,Feng Xiaocan,Miki Motono,19.512,0.0,2.0,1.0,1.0,0.0,1.0,0.0,0.0,0.0,0.0,0.0,0.0,0.0,0.0,0.0,1008.0,1000.0,860.0,1000.0
win,Feng Xiaocan,KO/TKO,1,2024-05-18,Feng Xiaocan,Kiran Singh,0.0,0.0,0.0,0.0,0.0,0.0,0.0,0.0,0.0,0.0,0.0,0.0,0.0,0.0,0.0,0.0,1242.8734407240102,1000.0,1060.0,1000.0
loss,Matt Mitrione,KO/TKO,2,2010-05-08,Kevin Ferguson,Matt Mitrione,2.937,3.197,1.2,0.8,0.75,0.0,1.0,40.2,0.0,0.0,0.0,0.0,0.0,0.0,0.0,0.0,1000.0,1000.0,1000.0,1000.0
win,Kevin Ferguson,DEC,3,2009-12-05,Kevin Ferguson,Houston Alexander,4.37,3.613,0.5,0.75,1.0,0.0,1.0,0.0,0.0,0.0,0.0,0.0,0.0,0.0,0.0,0.0,1168.3990659106423,1000.0,1350.0,1000.0
loss,Seth Petruzelli,KO/TKO,1,2008-10-04,Kevin Ferguson,Seth Petruzelli,4.457,3.257,0.667,1.0,1.0,0.0,1.0,0.0,0.0,0.0,0.0,0.0,0.0,0.0,0.0,0.0,1016.0,1000.0,870.0,1000.0
win,Kevin Ferguson,KO/TKO,3,2008-05-31,Kevin Ferguson,James Thompson,16.452,1.935,0.0,1.0,1.0,0.0,1.0,0.0,10.966,2.037,2.0,1.0,1.0,0.0,1.0,0.0,1000.0,1000.0,1000.0,1000.0
win,Kevin Ferguson,KO/TKO,1,2008-02-16,Kevin Ferguson,David Abbott,12.632,3.158,0.0,1.0,1.0,0.0,1.0,0.0,3.63,7.046,0.0,0.0,0.0,0.0,1.0,0.0,1180.1870005243873,1014.4579574859999,1360.0,1010.0
win,Kevin Ferguson,KO/TKO,1,2007-11-10,Kevin Ferguson,Bo Cantrell,0.0,0.0,0.0,0.0,0.0,0.0,0.0,0.0,0.0,0.0,0.0,0.0,0.0,0.0,0.0,0.0,992.0,1000.0,1320.0,1000.0
win,Rhadi Ferguson,SUB,2,2011-01-07,Rhadi Ferguson,John Richard,0.0,0.0,0.0,0.0,0.0,0.0,0.0,0.0,0.0,0.0,0.0,0.0,0.0,0.0,0.0,0.0,1000.0,1000.0,740.0,1000.0
loss,Michael Chiesa,SUB,1,2024-08-03,Tony Ferguson,Michael Chiesa,4.937,4.414,0.304,0.0,0.333,0.4,1.0,9.652,0.0,0.0,0.0,0.0,0.0,0.0,0.0,0.0,1000.0,1000.0,1350.0,1000.0
loss,Paddy Pimblett,DEC,3,2023-12-16,Tony Ferguson,Paddy Pimblett,4.984,4.256,0.318,0.0,0.333,0.4,1.0,10.091,0.0,0.0,0.0,0.0,0.0,0.0,0.0,0.0,1191.7880335370744,1000.0,1370.0,1000.0
loss,King Green,SUB,3,2023-07-29,Tony Ferguson,King Green,5.069,3.947,0.333,0.0,0.333,0.4,1.0,9.952,0.0,0.0,0.0,0.0,0.0,0.0,0.0,0.0,1205.2131958846696,977.5889683914448,1380.0,980.0
loss,Nate Diaz,SUB,4,2022-09-10,Tony Ferguson,Nate Diaz,5.117,3.809,0.3,0.2,0.333,0.4,1.0,10.45,6.953,2.833,2.0,0.0,0.0,0.0,1.0,0.0,1008.0,1000.0,1380.0,1000.0
loss,Michael Chandler,KO/TKO,2,2022-05-07,Tony Ferguson,Michael Chandler,5.15,3.776,0.316,0.4,0.333,0.4,1.0,3.053,0.0,0.0,0.0,0.0,0.0,0.0,0.0,0.0,1259.8745815746909,1000.0,1160.0,1000.0
loss,Beneil Dariush,DEC,3,2021-05-15,Tony Ferguson,Beneil Dariush,5.462,3.945,0.333,0.6,0.333,0.4,1.0,3.222,0.0,0.0,0.0,0.0,0.0,0.0,0.0,0.0,1032.0,1000.0,880.0,1000.0
loss,Charles Oliveira,DEC,3,2020-12-12,Tony Ferguson,Charles Oliveira,5.802,4.043,0.353,0.8,0.333,0.4,1.0,3.412,0.659,3.407,2.0,0.0,0.0,0.0,1.0,0.0,1000.0,1000.0,1000.0,1000.0
loss,Justin Gaethje,KO/TKO,5,2020-05-09,Tony Ferguson,Justin Gaethje,5.81,3.749,0.375,1.0,0.333,0.4,1.0,3.625,0.0,0.0,0.0,0.0,0.0,0.0,0.0,0.0,1000.0,1000.0,1000.0,1000.0
win,Tony Ferguson,KO/TKO,2,2019-06-08,Tony Ferguson,Donald Cerrone,5.506,3.547,0.4,1.0,0.286,0.429,1.0,3.867,0.0,0.0,0.0,0.0,0.0,0.0,0.0,0.0,1008.0,1000.0,770.0,1000.0
win,Tony Ferguson,KO/TKO,2,2018-10-06,Tony Ferguson,Anthony Pettis,5.089,3.48,0.429,1.0,0.231,0.462,1.0,4.143,0.0,0.0,0.0,0.0,0.0,0.0,0.0,0.0,1008.0,1000.0,1020.0,1000.0
win,Tony Ferguson,SUB,3,2017-10-07,Tony Ferguson,Kevin Lee,5.226,3.431,0.462,1.0,0.25,0.417,1.0,4.462,0.0,0.0,0.0,0.0,0.0,0.0,0.0,0.0,1000.0,1000.0,1000.0,1000.0
win,Tony Ferguson,DEC,5,2016-11-05,Tony Ferguson,Rafael Dos Anjos,4.556,3.086,0.5,1.0,0.273,0.455,1.0,2.333,0.0,0.0,0.0,0.0,0.0,0.0,0.0,0.0,1016.0,1000.0,1400.0,1000.0
win,Tony Ferguson,SUB,2,2016-07-13,Tony Ferguson,Lando Vannata,4.213,2.904,0.545,1.0,0.3,0.4,1.0,2.545,0.0,0.0,0.0,0.0,0.0,0.0,0.0,0.0,1221.1468918091953,1000.0,1390.0,1000.0
win,Tony Ferguson,SUB,2,2015-12-11,Tony Ferguson,Edson Barboza,3.894,2.696,0.6,1.0,0.333,0.333,1.0,2.8,4.267,3.133,0.0,1.0,0.0,0.0,1.0,18.0,1241.6833608644624,1000.0,980.0,1000.0
win,Tony Ferguson,DEC,3,2015-07-15,Tony Ferguson,Josh Thomson,3.552,2.799,0.667,1.0,0.375,0.375,1.0,3.111,2.667,1.467,2.0,1.0,0.0,0.0,1.0,0.0,1016.0,1000.0,1030.0,1000.0
win,Tony Ferguson,SUB,1,2015-02-28,Tony Ferguson,Gleison Tibau,3.527,2.876,0.625,0.8,0.429,0.286,1.0,3.5,0.0,0.0,0.0,0.0,0.0,0.0,0.0,0.0,1000.0,1000.0,870.0,1000.0
win,Tony Ferguson,SUB,2,2014-12-06,Tony Ferguson,Abel Trujillo,3.742,3.073,0.571,0.8,0.5,0.167,1.0,4.0,0.0,0.0,0.0,0.0,0.0,0.0,0.0,0.0,1009.0,1000.0,980.0,1000.0
win,Tony Ferguson,DEC,3,2014-08-30,Tony Ferguson,Danny Castillo,4.48,3.588,0.667,0.8,0.6,0.2,1.0,4.667,0.0,0.0,0.0,0.0,0.0,0.0,0.0,0.0,1163.3526044223784,1000.0,820.0,1000.0
win,Tony Ferguson,KO/TKO,1,2014-05-24,Tony Ferguson,Katsunori Kikuno,3.998,3.41,0.6,0.8,0.5,0.25,1.0,5.6,0.0,0.0,0.0,0.0,0.0,0.0,0.0,0.0,1236.627174235839,1000.0,1400.0,1000.0
win,Tony Ferguson,SUB,1,2013-10-19,Tony Ferguson,Mike Rio,4.062,3.47,0.75,0.75,0.667,0.0,1.0,2.5,0.0,0.0,0.0,0.0,0.0,0.0,0.0,0.0,1000.0,1000.0,1000.0,1000.0
loss,Michael Johnson,DEC,3,2012-05-05,Tony Ferguson,Michael Johnson,4.728,2.845,1.0,1.0,0.667,0.0,1.0,3.333,5.745,3.617,1.0,1.0,1.0,0.0,1.0,11.0,992.0,1000.0,1100.0,1000.0
win,Tony Ferguson,DEC,3,2011-12-03,Tony Ferguson,Yves Edwards,5.843,2.584,1.0,1.0,1.0,0.0,1.0,0.0,1.4,0.533,0.0,1.0,0.0,0.0,1.0,226.0,1000.0,1032.0,1000.0,1040.0
win,Tony Ferguson,KO/TKO,1,2011-09-24,Tony Ferguson,Aaron Riley,5.385,3.077,2.0,1.0,1.0,0.0,1.0,0.0,0.0,0.0,0.0,0.0,0.0,0.0,0.0,0.0,1055.0,977.0,1050.0,880.0
win,Tony Ferguson,KO/TKO,1,2011-06-04,Tony Ferguson,Ramsey Nijem,0.0,0.0,0.0,0.0,0.0,0.0,0.0,0.0,0.0,0.0,0.0,0.0,0.0,0.0,0.0,0.0,1258.6011961249749,1000.0,1000.0,1000.0
loss,Chris Cariaso,DEC,3,2012-07-11,Josh Ferguson,Chris Cariaso,3.28,3.473,0.0,0.0,0.0,0.0,1.0,0.0,2.836,1.329,2.5,1.0,0.0,0.5,1.0,0.0,1008.0,1000.0,1100.0,1000.0
loss,Roland Delorme,SUB,3,2011-12-03,Josh Ferguson,Roland Delorme,0.0,0.0,0.0,0.0,0.0,0.0,0.0,0.0,0.0,0.0,0.0,0.0,0.0,0.0,0.0,0.0,1018.0,1000.0,1010.0,1000.0
win,Bibiano Fernandes,SUB,1,2012-12-31,Bibiano Fernandes,Yoshiro Maeda,4.045,2.805,2.667,0.8,0.125,0.25,1.0,0.0,0.0,0.0,0.0,0.0,0.0,0.0,0.0,0.0,1032.0,1023.0,1420.0,1100.0
win,Bibiano Fernandes,KO/TKO,1,2011-12-31,Bibiano Fernandes,Antonio Banuelos,3.512,3.068,3.286,0.8,0.0,0.333,1.0,0.0,3.6,0.467,3.0,1.0,0.0,0.0,1.0,0.0,992.0,1000.0,820.0,1000.0
win,Bibiano Fernandes,DEC,2,2011-12-31,Bibiano Fernandes,Rodolfo Marques Diniz,3.512,3.068,3.286,0.8,0.0,0.333,1.0,0.0,0.0,0.0,0.0,0.0,0.0,0.0,0.0,0.0,1220.0632720393303,1000.0,1220.0,1000.0
win,Bibiano Fernandes,SUB,1,2011-09-24,Bibiano Fernandes,Takafumi Otsuka,3.519,3.052,3.667,0.8,0.0,0.2,1.0,0.0,1.8,2.9,0.0,0.0,0.0,0.0,1.0,0.0,1036.0,1000.0,1020.0,1000.0
loss,Hiroyuki Takaya,DEC,3,2010-12-31,Bibiano Fernandes,Hiroyuki Takaya,4.005,3.071,3.8,1.0,0.0,0.2,1.0,0.0,4.3,4.3,0.0,0.0,0.0,0.0,1.0,0.0,1000.0,1000.0,1000.0,1000.0
win,Bibiano Fernandes,DEC,2,2010-03-22,Bibiano Fernandes,Joachim Hansen,3.974,2.443,3.25,1.0,0.0,0.25,1.0,0.0,0.0,0.0,0.0,0.0,0.0,0.0,0.0,0.0,1000.0,1000.0,1200.0,1000.0
win,Bibiano Fernandes,DEC,2,2009-10-06,Bibiano Fernandes,Hiroyuki Takaya,3.75,1.55,4.5,1.0,0.0,0.0,1.0,0.0,0.0,0.0,0.0,0.0,0.0,0.0,0.0,0.0,1276.7032798537232,1018.1912207102283,1100.0,1010.0
win,Bibiano Fernandes,SUB,1,2009-10-06,Bibiano Fernandes,Joe Warren,3.75,1.55,4.5,1.0,0.0,0.0,1.0,0.0,0.0,0.0,0.0,0.0,0.0,0.0,0.0,0.0,1000.0,1000.0,1000.0,1000.0
win,Bibiano Fernandes,DEC,2,2009-05-26,Bibiano Fernandes,Masakazu Imanari,2.9,1.8,5.0,1.0,0.0,0.0,1.0,0.0,0.0,0.0,0.0,0.0,0.0,0.0,0.0,0.0,1008.0,1000.0,1210.0,1000.0
win,Bibiano Fernandes,DEC,2,2009-03-08,Bibiano Fernandes,Takafumi Otsuka,0.0,0.0,0.0,0.0,0.0,0.0,0.0,0.0,0.0,0.0,0.0,0.0,0.0,0.0,0.0,0.0,1110.0,1000.0,1060.0,1000.0
win,Kaue Fernandes,KO/TKO,1,2025-09-06,Kaue Fernandes,Harry Hardwick,4.0,1.324,1.0,0.667,0.5,0.0,1.0,29.0,0.0,0.0,0.0,0.0,0.0,0.0,0.0,0.0,1000.0,984.0,1000.0,870.0
win,Kaue Fernandes,DEC,3,2025-03-22,Kaue Fernandes,Guram Kutateladze,3.038,0.861,0.5,0.5,1.0,0.0,1.0,43.5,0.0,0.0,0.0,0.0,0.0,0.0,0.0,0.0,922.0,1000.0,760.0,1000.0
win,Kaue Fernandes,KO/TKO,1,2024-08-03,Kaue Fernandes,Mohammad Yahya,1.533,0.867,1.0,0.0,0.0,0.0,1.0,87.0,0.0,0.0,0.0,0.0,0.0,0.0,0.0,0.0,1008.0,952.0,1010.0,980.0
loss,Marc Diakiese,DEC,3,2023-11-04,Kaue Fernandes,Marc Diakiese,0.0,0.0,0.0,0.0,0.0,0.0,0.0,0.0,0.0,0.0,0.0,0.0,0.0,0.0,0.0,0.0,1204.6588429965773,1000.0,1320.0,1000.0
loss,Rodolfo Bellato,KO/TKO,1,2026-03-07,Luke Fernandez,Rodolfo Bellato,32.0,0.0,0.0,1.0,1.0,0.0,1.0,3.0,0.0,0.0,0.0,0.0,0.0,0.0,0.0,0.0,1016.0,1000.0,1310.0,1000.0
win,Luke Fernandez,KO/TKO,1,2025-10-07,Luke Fernandez,Rafael Pergentino,0.0,0.0,0.0,0.0,0.0,0.0,0.0,0.0,0.0,0.0,0.0,0.0,0.0,0.0,0.0,0.0,1008.0,1000.0,970.0,1000.0
loss,Cesar Almeida,DEC,3,2023-08-08,Lucas Fernando,Cesar Almeida,0.0,0.0,0.0,0.0,0.0,0.0,0.0,0.0,0.0,0.0,0.0,0.0,0.0,0.0,0.0,0.0,1062.0,1000.0,1030.0,1000.0
loss,Vladimir Matyushenko,KO/TKO,1,2010-11-13,Alexandre Ferreira,Vladimir Matyushenko,0.0,0.0,0.0,0.0,0.0,0.0,0.0,0.0,0.0,0.0,0.0,0.0,0.0,0.0,0.0,0.0,1258.6074357136786,1000.0,970.0,1000.0
loss,Jesus Aguilar,SUB,3,2022-08-23,Erisson Ferreira,Jesus Aguilar,2.2,3.333,1.0,1.0,0.0,0.0,1.0,182.0,0.0,0.0,0.0,0.0,0.0,0.0,0.0,0.0,984.0,1000.0,880.0,1000.0
win,Erisson Ferreira,DEC,3,2021-11-02,Erisson Ferreira,Qiu Lun,0.0,0.0,0.0,0.0,0.0,0.0,0.0,0.0,0.0,0.0,0.0,0.0,0.0,0.0,0.0,0.0,1048.0,1011.4346823095665,1020.0,1010.0
loss,Gregory Rodrigues,KO/TKO,1,2026-03-07,Brunno Ferreira,Gregory Rodrigues,3.854,3.992,0.556,0.8,0.571,0.286,1.0,7.444,4.98,5.217,0.0,0.0,0.0,0.0,1.0,0.0,1117.7,1000.0,1080.0,1000.0
win,Brunno Ferreira,DEC,3,2025-12-06,Brunno Ferreira,Marvin Vettori,3.409,3.34,0.5,0.8,0.667,0.333,1.0,8.375,0.0,0.0,0.0,0.0,0.0,0.0,0.0,0.0,1000.0,1008.0,1190.0,1100.0
win,Brunno Ferreira,SUB,1,2025-07-19,Brunno Ferreira,Jackson McVey,3.541,3.541,0.429,0.6,0.8,0.2,1.0,0.0,0.0,0.0,0.0,0.0,0.0,0.0,0.0,0.0,1023.0,1000.0,1520.0,1000.0
win,Brunno Ferreira,SUB,2,2025-03-08,Brunno Ferreira,Armen Petrosyan,3.756,3.125,0.167,0.6,1.0,0.0,1.0,0.0,0.0,0.0,0.0,0.0,0.0,0.0,0.0,0.0,1106.0,1000.0,1050.0,1000.0
loss,Abus Magomedov,SUB,3,2024-10-26,Brunno Ferreira,Abus Magomedov,4.985,4.036,0.2,0.8,1.0,0.0,1.0,0.0,0.0,0.0,0.0,0.0,0.0,0.0,0.0,0.0,1276.7099562136361,1008.0,990.0,1010.0
win,Brunno Ferreira,KO/TKO,1,2024-06-08,Brunno Ferreira,Dustin Stoltzfus,5.0,4.167,0.25,0.75,1.0,0.0,1.0,0.0,0.0,0.0,0.0,0.0,0.0,0.0,0.0,0.0,968.0,988.2120653862551,700.0,820.0
win,Brunno Ferreira,KO/TKO,1,2024-01-13,Brunno Ferreira,Phil Hawes,5.788,5.224,0.0,0.667,1.0,0.0,1.0,0.0,0.0,0.0,0.0,0.0,0.0,0.0,0.0,0.0,1218.9849620063376,1000.0,1330.0,1000.0
loss,Nursulton Ruziboev,KO/TKO,1,2023-07-01,Brunno Ferreira,Nursulton Ruziboev,6.552,5.345,0.0,1.0,1.0,0.0,1.0,0.0,0.0,0.0,0.0,0.0,0.0,0.0,0.0,0.0,1074.0,1000.0,1050.0,1000.0
win,Brunno Ferreira,KO/TKO,1,2023-01-21,Brunno Ferreira,Gregory Rodrigues,10.105,6.316,0.0,1.0,1.0,0.0,1.0,0.0,0.0,0.0,0.0,0.0,0.0,0.0,0.0,0.0,1000.0,1000.0,1620.0,1000.0
win,Brunno Ferreira,KO/TKO,1,2022-09-20,Brunno Ferreira,Leon Aliu,0.0,0.0,0.0,0.0,0.0,0.0,0.0,0.0,0.0,0.0,0.0,0.0,0.0,0.0,0.0,0.0,1125.939,1000.0,1180.0,1000.0
loss,Vitor Belfort,KO/TKO,1,1997-02-07,Scott Ferrozzo,Vitor Belfort,3.358,1.363,0.5,0.75,0.0,0.667,1.0,0.0,0.0,0.0,0.0,0.0,0.0,0.0,0.0,0.0,1113.42,1000.0,1150.0,1000.0
win,Scott Ferrozzo,KO/TKO,1,1997-02-07,Scott Ferrozzo,Jim Mullen,3.358,1.363,0.5,0.75,0.0,0.667,1.0,0.0,0.0,0.0,0.0,0.0,0.0,0.0,0.0,0.0,1000.0,1000.0,1000.0,1000.0
win,Scott Ferrozzo,DEC,2,1996-09-20,Scott Ferrozzo,David Abbott,0.994,0.773,2.0,0.0,0.0,0.0,1.0,0.0,0.0,0.0,0.0,0.0,0.0,0.0,0.0,0.0,1218.9849620063376,1000.0,1330.0,1000.0
win,Scott Ferrozzo,SUB,1,1996-09-20,Scott Ferrozzo,Sam Fulton,0.994,0.773,2.0,0.0,0.0,0.0,1.0,0.0,0.0,0.0,0.0,0.0,0.0,0.0,0.0,0.0,1295.5196531485906,1000.0,1020.0,1000.0
loss,Jerry Bohlander,SUB,1,1996-02-16,Scott Ferrozzo,Jerry Bohlander,0.0,0.0,0.0,0.0,0.0,0.0,0.0,0.0,0.0,0.0,0.0,0.0,0.0,0.0,0.0,0.0,1117.12327,991.761,1000.0,1100.0
loss,Tatsuya Kawajiri,KO/TKO,1,2011-07-16,Drew Fickett,Tatsuya Kawajiri,2.484,2.236,0.75,0.6,0.0,0.8,1.0,6.875,0.0,0.0,0.0,0.0,0.0,0.0,0.0,0.0,1000.0,1000.0,1000.0,1000.0
win,Drew Fickett,SUB,1,2008-03-29,Drew Fickett,Jae Suk Lim,2.454,2.232,0.857,0.6,0.0,0.75,1.0,3.857,0.0,0.0,0.0,0.0,0.0,0.0,0.0,0.0,1000.0,1000.0,1000.0,1000.0
win,Drew Fickett,DEC,3,2007-04-05,Drew Fickett,Keita Nakamura,1.578,2.263,0.667,0.6,0.0,1.0,1.0,4.5,0.0,0.0,0.0,0.0,0.0,0.0,0.0,0.0,1008.0,1000.0,1030.0,1000.0
loss,Karo Parisyan,DEC,3,2006-12-13,Drew Fickett,Karo Parisyan,0.874,1.598,0.6,0.6,0.0,1.0,1.0,5.4,0.0,0.0,0.0,0.0,0.0,0.0,0.0,0.0,1000.0,1000.0,1000.0,1000.0
win,Drew Fickett,SUB,3,2006-07-08,Drew Fickett,Kurt Pellegrino,0.504,1.282,0.5,0.5,0.0,1.0,1.0,6.75,0.0,0.0,0.0,0.0,0.0,0.0,0.0,0.0,992.0,1000.0,1100.0,1000.0
loss,Joshua Burkman,SUB,1,2006-01-16,Drew Fickett,Joshua Burkman,0.434,1.014,0.667,0.667,0.0,1.0,1.0,0.0,0.0,0.0,0.0,0.0,0.0,0.0,0.0,0.0,1008.0,1000.0,1100.0,1000.0
win,Drew Fickett,SUB,3,2005-10-03,Drew Fickett,Josh Koscheck,0.64,2.08,1.0,0.5,0.0,1.0,1.0,0.0,0.0,0.0,0.0,0.0,0.0,0.0,0.0,0.0,1000.0,1000.0,1000.0,1000.0
win,Drew Fickett,SUB,1,2005-08-06,Drew Fickett,Josh Neer,0.643,2.786,0.0,0.0,0.0,0.0,1.0,0.0,0.0,0.0,0.0,0.0,0.0,0.0,0.0,0.0,1125.8986289,1008.81573,1010.0,1010.0
loss,Nick Diaz,KO/TKO,1,2005-02-05,Drew Fickett,Nick Diaz,0.0,0.0,0.0,0.0,0.0,0.0,0.0,0.0,0.0,0.0,0.0,0.0,0.0,0.0,0.0,0.0,1274.8332774281891,986.5748376524048,1120.0,820.0
loss,Brian Johnston,KO/TKO,1,1996-07-12,Scott Fiedler,Brian Johnston,0.0,0.0,0.0,0.0,0.0,0.0,0.0,0.0,0.0,0.0,0.0,0.0,0.0,0.0,0.0,0.0,1234.3139093467812,1000.0,1340.0,1000.0
loss,Falaniko Vitale,KO/TKO,1,2007-09-29,Ron Fields,Falaniko Vitale,0.0,0.0,0.0,0.0,0.0,0.0,0.0,0.0,0.0,0.0,0.0,0.0,0.0,0.0,0.0,0.0,1121.3594,1000.0,1160.0,1000.0
loss,Austin Hubbard,DEC,3,2024-04-27,Michal Figlak,Austin Hubbard,1.867,4.0,1.0,0.0,0.0,0.0,1.0,0.0,0.0,0.0,0.0,0.0,0.0,0.0,0.0,0.0,1295.011368212494,1016.0,1220.0,1010.0
loss,Fares Ziam,DEC,3,2022-09-03,Michal Figlak,Fares Ziam,0.0,0.0,0.0,0.0,0.0,0.0,0.0,0.0,0.0,0.0,0.0,0.0,0.0,0.0,0.0,0.0,1008.0,1000.0,1720.0,1000.0
loss,Umar Nurmagomedov,DEC,3,2026-01-24,Deiveson Figueiredo,Umar Nurmagomedov,2.647,3.44,1.381,0.6,0.286,0.286,1.0,18.667,0.0,0.0,0.0,0.0,0.0,0.0,0.0,0.0,1250.7158830010558,1000.0,1350.0,1000.0
win,Deiveson Figueiredo,DEC,3,2025-10-11,Deiveson Figueiredo,Montel Jackson,2.713,3.524,1.35,0.6,0.308,0.308,1.0,19.6,0.0,0.0,0.0,0.0,0.0,0.0,0.0,0.0,1016.0,1000.0,1200.0,1000.0
loss,Cory Sandhagen,KO/TKO,2,2025-05-03,Deiveson Figueiredo,Cory Sandhagen,2.789,3.436,1.316,0.6,0.308,0.308,1.0,20.632,0.0,0.0,0.0,0.0,0.0,0.0,0.0,0.0,1032.0,1000.0,1300.0,1000.0
loss,Petr Yan,DEC,5,2024-11-23,Deiveson Figueiredo,Petr Yan,2.865,3.277,1.278,0.8,0.308,0.308,1.0,10.611,5.039,1.68,2.0,1.0,1.0,0.0,1.0,0.0,1016.0,1000.0,1130.0,1000.0
win,Deiveson Figueiredo,DEC,3,2024-08-03,Deiveson Figueiredo,Marlon Vera,2.855,3.263,1.235,0.6,0.333,0.333,1.0,11.235,0.0,0.0,0.0,0.0,0.0,0.0,0.0,0.0,1022.0,1000.0,870.0,1000.0
win,Deiveson Figueiredo,SUB,2,2024-04-13,Deiveson Figueiredo,Cody Garbrandt,2.92,3.331,1.25,0.4,0.364,0.273,1.0,11.938,0.0,0.0,0.0,0.0,0.0,0.0,0.0,0.0,1000.0,1000.0,1000.0,1000.0
win,Deiveson Figueiredo,DEC,3,2023-12-02,Deiveson Figueiredo,Rob Font,2.913,3.353,1.067,0.4,0.4,0.3,1.0,12.733,0.0,0.0,0.0,0.0,0.0,0.0,0.0,0.0,1112.864242,1000.0,1110.0,1000.0
loss,Brandon Moreno,KO/TKO,3,2023-01-21,Deiveson Figueiredo,Brandon Moreno,3.061,3.367,1.071,0.6,0.4,0.3,1.0,13.643,4.094,3.384,1.75,0.5,0.0,0.5,1.0,56.5,1000.0,1000.0,1000.0,1000.0
win,Deiveson Figueiredo,DEC,5,2022-01-22,Deiveson Figueiredo,Brandon Moreno,2.995,3.22,1.0,0.6,0.444,0.333,1.0,14.692,4.043,3.357,2.0,0.667,0.0,0.5,1.0,75.333,1117.702825977,1000.0,1110.0,1000.0
loss,Brandon Moreno,SUB,3,2021-06-12,Deiveson Figueiredo,Brandon Moreno,3.097,3.166,1.0,0.8,0.444,0.333,1.0,15.917,4.125,3.8,2.0,0.5,0.0,0.0,1.0,113.0,1000.0,1000.0,1010.0,1000.0
draw,Draw,DEC,5,2020-12-12,Deiveson Figueiredo,Brandon Moreno,2.527,2.661,0.909,1.0,0.444,0.333,1.0,17.364,2.2,1.0,0.0,1.0,0.0,0.0,1.0,226.0,984.0,1000.0,640.0,1000.0
win,Deiveson Figueiredo,SUB,1,2020-11-21,Deiveson Figueiredo,Alex Perez,2.526,2.653,1.0,0.8,0.5,0.25,1.0,19.1,7.073,4.39,0.0,1.0,1.0,0.0,1.0,4.0,1233.1657711909818,1000.0,1250.0,1000.0
win,Deiveson Figueiredo,SUB,1,2020-07-18,Deiveson Figueiredo,Joseph Benavidez,2.292,2.599,1.111,0.6,0.571,0.143,1.0,21.222,4.828,1.887,0.0,0.75,0.667,0.333,1.0,30.75,1055.0,1000.0,1310.0,1000.0
win,Deiveson Figueiredo,KO/TKO,2,2020-02-29,Deiveson Figueiredo,Joseph Benavidez,2.191,2.29,1.125,0.6,0.5,0.167,1.0,23.875,4.213,1.308,0.0,1.0,0.667,0.333,1.0,41.0,1120.7647389400001,1000.0,1130.0,1000.0
win,Deiveson Figueiredo,SUB,1,2019-10-12,Deiveson Figueiredo,Tim Elliott,2.178,2.075,1.286,0.6,0.6,0.0,1.0,27.286,0.0,0.0,0.0,0.0,0.0,0.0,0.0,0.0,1000.0,1000.0,1000.0,1000.0
win,Deiveson Figueiredo,DEC,3,2019-07-27,Deiveson Figueiredo,Alexandre Pantoja,1.706,1.664,1.167,0.6,0.75,0.0,1.0,31.833,0.0,0.0,0.0,0.0,0.0,0.0,0.0,0.0,1125.94202379539,1000.0,1140.0,1000.0
loss,Jussier Formiga,DEC,3,2019-03-23,Deiveson Figueiredo,Jussier Formiga,2.248,1.616,1.75,1.0,0.75,0.0,1.0,45.0,1.335,2.167,1.417,0.8,0.0,0.375,1.0,7.667,1044.0,1000.0,970.0,1000.0
win,Deiveson Figueiredo,KO/TKO,2,2018-08-25,Deiveson Figueiredo,John Moraga,1.938,1.591,1.667,1.0,0.667,0.0,1.0,60.0,0.0,0.0,0.0,0.0,0.0,0.0,0.0,0.0,1000.0,1000.0,1000.0,1000.0
win,Deiveson Figueiredo,KO/TKO,2,2018-02-03,Deiveson Figueiredo,Joseph Morales,1.44,1.84,1.5,1.0,0.5,0.0,1.0,90.0,0.0,0.0,0.0,0.0,0.0,0.0,0.0,0.0,1008.0,1000.0,1010.0,1000.0
win,Deiveson Figueiredo,DEC,3,2017-10-28,Deiveson Figueiredo,Jarred Brooks,1.7,1.6,2.0,1.0,1.0,0.0,1.0,114.0,0.0,0.0,0.0,0.0,0.0,0.0,0.0,0.0,968.0,1000.0,740.0,1000.0
win,Deiveson Figueiredo,KO/TKO,2,2017-06-03,Deiveson Figueiredo,Marco Beltran,0.0,0.0,0.0,0.0,0.0,0.0,0.0,0.0,0.0,0.0,0.0,0.0,0.0,0.0,0.0,0.0,992.0,1000.0,1100.0,1000.0
loss,Amir Albazi,SUB,1,2022-08-20,Francisco Figueiredo,Amir Albazi,1.981,2.588,2.0,0.667,0.0,0.5,1.0,236.667,0.0,0.0,0.0,0.0,0.0,0.0,0.0,0.0,1275.4805724376195,1000.0,1040.0,1000.0
win,Francisco Figueiredo,SUB,1,2022-04-30,Francisco Figueiredo,Daniel Lacerda,1.9,2.567,3.0,0.5,0.0,0.0,1.0,341.0,0.0,0.0,0.0,0.0,0.0,0.0,0.0,0.0,1249.4873751743505,1000.0,1270.0,1000.0
loss,Malcolm Gordon,DEC,3,2021-07-17,Francisco Figueiredo,Malcolm Gordon,1.933,2.067,4.0,1.0,0.0,0.0,1.0,427.0,0.0,0.0,0.0,0.0,0.0,0.0,0.0,0.0,1008.0,1000.0,1110.0,1000.0
win,Francisco Figueiredo,DEC,3,2021-01-20,Francisco Figueiredo,Jerome Rivera,0.0,0.0,0.0,0.0,0.0,0.0,0.0,0.0,0.0,0.0,0.0,0.0,0.0,0.0,0.0,0.0,1000.0,1000.0,1000.0,1000.0
loss,Chris Cariaso,SUB,2,2008-06-27,Anthony Figueroa,Chris Cariaso,0.966,1.288,0.0,0.6,0.333,0.0,1.0,0.0,3.538,2.0,2.0,1.0,0.0,0.0,1.0,0.0,1129.2182706658002,1000.0,1160.0,1000.0
loss,Darren Uyenoyama,SUB,1,2008-03-29,Anthony Figueroa,Darren Uyenoyama,0.997,1.329,0.0,0.75,0.333,0.0,1.0,0.0,0.0,0.0,0.0,0.0,0.0,0.0,0.0,0.0,1266.951491436555,992.0,1300.0,820.0
win,Anthony Figueroa,DEC,3,2007-11-16,Anthony Figueroa,Pete Sabala,1.493,1.99,0.0,0.667,0.5,0.0,1.0,0.0,0.0,0.0,0.0,0.0,0.0,0.0,0.0,0.0,1117.1260821297128,1000.0,1240.0,1000.0
win,Anthony Figueroa,KO/TKO,1,2007-09-29,Anthony Figueroa,Miguel Linares,0.929,1.643,0.0,0.5,0.0,0.0,1.0,0.0,0.0,0.0,0.0,0.0,0.0,0.0,0.0,0.0,1000.0,1000.0,1000.0,1000.0
loss,Chris Cariaso,DEC,3,2007-06-22,Anthony Figueroa,Chris Cariaso,0.0,0.0,0.0,1.0,0.0,0.0,1.0,0.0,0.0,0.0,0.0,0.0,0.0,0.0,0.0,0.0,1016.0,1000.0,1210.0,1000.0
win,Anthony Figueroa,DEC,3,2006-12-08,Anthony Figueroa,David Barrios,0.0,0.0,0.0,0.0,0.0,0.0,0.0,0.0,0.0,0.0,0.0,0.0,0.0,0.0,0.0,0.0,1000.0,1000.0,1000.0,1000.0
loss,Erik Perez,DEC,3,2013-11-16,Edwin Figueroa,Erik Perez,2.909,2.992,0.2,0.4,0.5,0.0,1.0,113.0,0.0,0.0,0.0,0.0,0.0,0.0,0.0,0.0,1008.0,1000.0,1100.0,1000.0
loss,Roland Delorme,DEC,3,2013-06-15,Edwin Figueroa,Roland Delorme,2.945,3.498,0.25,0.5,0.5,0.0,1.0,0.0,3.473,3.28,2.0,1.0,0.0,1.0,1.0,0.0,1000.0,1000.0,1000.0,1000.0
loss,Francisco Rivera,KO/TKO,2,2013-02-02,Edwin Figueroa,Francisco Rivera,3.042,2.986,0.0,0.667,0.5,0.0,1.0,0.0,0.0,0.0,0.0,0.0,0.0,0.0,0.0,0.0,1094.0,984.0,1410.0,1100.0
win,Edwin Figueroa,DEC,3,2012-02-04,Edwin Figueroa,Alex Caceres,3.264,2.496,0.0,0.5,1.0,0.0,1.0,0.0,0.0,0.0,0.0,0.0,0.0,0.0,0.0,0.0,1000.0,1000.0,1000.0,1000.0
win,Edwin Figueroa,KO/TKO,2,2011-08-14,Edwin Figueroa,Jason Reinhardt,3.0,3.4,0.0,0.0,0.0,0.0,1.0,0.0,0.0,0.0,0.0,0.0,0.0,0.0,0.0,0.0,1000.0,1000.0,1000.0,1000.0
loss,Michael McDonald,DEC,3,2011-03-26,Edwin Figueroa,Michael McDonald,0.0,0.0,0.0,0.0,0.0,0.0,0.0,0.0,0.0,0.0,0.0,0.0,0.0,0.0,0.0,0.0,1294.7642125082527,1000.0,1050.0,1000.0
loss,Jose Delgado,DEC,3,2026-03-14,Andre Fili,Jose Delgado,3.866,4.227,1.56,0.6,0.308,0.0,1.0,8.4,0.0,0.0,0.0,0.0,0.0,0.0,0.0,0.0,1008.0,1000.0,1100.0,1000.0
win,Andre Fili,DEC,3,2025-08-09,Andre Fili,Christian Rodriguez,3.842,4.148,1.5,0.4,0.333,0.0,1.0,4.5,0.0,0.0,0.0,0.0,0.0,0.0,0.0,0.0,1000.0,1000.0,1000.0,1000.0
loss,Melquizael Costa,SUB,1,2025-02-22,Andre Fili,Melquizael Costa,3.884,4.114,1.522,0.6,0.333,0.0,1.0,4.696,0.0,0.0,0.0,0.0,0.0,0.0,0.0,0.0,1247.704887035996,1000.0,1200.0,1000.0
win,Andre Fili,DEC,3,2024-06-29,Andre Fili,Cub Swanson,3.846,4.113,1.5,0.4,0.364,0.0,1.0,4.909,0.0,0.0,0.0,0.0,0.0,0.0,0.0,0.0,1125.3249078787926,1000.0,1250.0,1000.0
loss,Dan Ige,KO/TKO,1,2024-02-10,Andre Fili,Dan Ige,3.857,4.113,1.571,0.4,0.364,0.0,1.0,5.095,0.0,0.0,0.0,0.0,0.0,0.0,0.0,0.0,1000.0,1000.0,1000.0,1000.0
win,Andre Fili,KO/TKO,1,2023-12-16,Andre Fili,Lucas Almeida,3.829,4.134,1.65,0.2,0.3,0.0,1.0,5.35,0.0,0.0,0.0,0.0,0.0,0.0,0.0,0.0,1016.0,1000.0,1110.0,1000.0
loss,Nathaniel Wood,DEC,3,2023-07-22,Andre Fili,Nathaniel Wood,3.826,4.028,1.737,0.4,0.3,0.0,1.0,0.0,0.0,0.0,0.0,0.0,0.0,0.0,0.0,0.0,1000.0,1000.0,1000.0,1000.0
win,Andre Fili,DEC,3,2022-09-17,Andre Fili,Bill Algeo,3.817,3.921,1.778,0.2,0.333,0.0,1.0,0.0,0.0,0.0,0.0,0.0,0.0,0.0,0.0,0.0,1120.1729917191942,1000.0,1260.0,1000.0
loss,Joanderson Brito,KO/TKO,1,2022-04-30,Andre Fili,Joanderson Brito,3.8,3.862,1.882,0.4,0.333,0.0,1.0,0.0,0.0,0.0,0.0,0.0,0.0,0.0,0.0,0.0,1032.0,1000.0,1140.0,1000.0
nc,Draw,other,2,2021-06-26,Andre Fili,Daniel Pineda,3.735,3.901,1.938,0.6,0.333,0.0,1.0,0.0,0.0,0.0,0.0,0.0,0.0,0.0,0.0,0.0,992.0,1000.0,870.0,1000.0
loss,Bryce Mitchell,DEC,3,2020-10-31,Andre Fili,Bryce Mitchell,3.904,3.974,2.067,0.6,0.333,0.0,1.0,0.0,0.0,0.0,0.0,0.0,0.0,0.0,0.0,0.0,1134.0976514303081,984.0,1350.0,880.0
win,Andre Fili,DEC,3,2020-06-13,Andre Fili,Charles Jourdain,3.997,3.959,1.857,0.6,0.375,0.0,1.0,0.0,0.0,0.0,0.0,0.0,0.0,0.0,0.0,0.0,1016.0,1000.0,980.0,1000.0
loss,Sodiq Yusuff,DEC,3,2020-01-18,Andre Fili,Sodiq Yusuff,4.075,3.863,1.769,0.8,0.375,0.0,1.0,0.0,0.0,0.0,0.0,0.0,0.0,0.0,0.0,0.0,1000.0,1000.0,1000.0,1000.0
win,Andre Fili,KO/TKO,1,2019-07-13,Andre Fili,Sheymon Moraes,4.029,3.87,1.917,0.6,0.286,0.0,1.0,0.0,0.0,0.0,0.0,0.0,0.0,0.0,0.0,0.0,1008.0,1000.0,1100.0,1000.0
win,Andre Fili,DEC,3,2019-02-17,Andre Fili,Myles Jury,3.725,3.725,2.091,0.6,0.333,0.0,1.0,0.0,0.0,0.0,0.0,0.0,0.0,0.0,0.0,0.0,992.0,1000.0,1100.0,1000.0
loss,Michael Johnson,DEC,3,2018-08-25,Andre Fili,Michael Johnson,3.899,3.64,2.1,0.6,0.333,0.0,1.0,0.0,4.772,3.147,0.5,1.0,0.5,0.0,1.0,5.5,992.0,1000.0,1100.0,1000.0
win,Andre Fili,DEC,3,2018-01-27,Andre Fili,Dennis Bermudez,3.668,3.121,1.889,0.6,0.4,0.0,1.0,0.0,0.0,0.0,0.0,0.0,0.0,0.0,0.0,0.0,1008.0,1000.0,1010.0,1000.0
win,Andre Fili,DEC,3,2017-10-21,Andre Fili,Artem Lobov,3.669,3.017,1.5,0.4,0.5,0.0,1.0,0.0,0.0,0.0,0.0,0.0,0.0,0.0,0.0,0.0,1086.3,992.0,1510.0,1100.0
loss,Calvin Kattar,DEC,3,2017-07-29,Andre Fili,Calvin Kattar,3.384,2.546,1.714,0.6,0.5,0.0,1.0,0.0,0.0,0.0,0.0,0.0,0.0,0.0,0.0,0.0,1128.5851011395378,1008.8159416656773,1360.0,1100.0
win,Andre Fili,DEC,3,2016-10-01,Andre Fili,Hacran Dias,3.504,2.82,1.833,0.4,0.667,0.0,1.0,0.0,0.0,0.0,0.0,0.0,0.0,0.0,0.0,0.0,1230.3655449434764,1000.0,1100.0,1000.0
loss,Yair Rodriguez,KO/TKO,2,2016-04-23,Andre Fili,Yair Rodriguez,3.855,2.708,2.0,0.6,0.667,0.0,1.0,0.0,0.0,0.0,0.0,0.0,0.0,0.0,0.0,0.0,984.0,1000.0,690.0,1000.0
win,Andre Fili,KO/TKO,1,2015-11-21,Andre Fili,Gabriel Benitez,3.76,2.648,2.25,0.5,0.5,0.0,1.0,0.0,0.0,0.0,0.0,0.0,0.0,0.0,0.0,0.0,1123.5908158301866,1000.0,1450.0,1000.0
loss,Godofredo Pepey,SUB,1,2015-03-21,Andre Fili,Godofredo Pepey,4.083,2.867,3.0,0.667,0.5,0.0,1.0,0.0,0.0,0.0,0.0,0.0,0.0,0.0,0.0,0.0,1016.0,1008.0,1020.0,1100.0
win,Andre Fili,DEC,3,2014-10-25,Andre Fili,Felipe Arantes,5.068,3.584,2.0,0.5,1.0,0.0,1.0,0.0,0.0,0.0,0.0,0.0,0.0,0.0,0.0,0.0,1000.0,1000.0,1000.0,1000.0
loss,Max Holloway,SUB,3,2014-04-26,Andre Fili,Max Holloway,9.348,3.909,1.0,1.0,1.0,0.0,1.0,0.0,0.0,0.0,0.0,0.0,0.0,0.0,0.0,0.0,1055.0,1000.0,1240.0,1000.0
win,Andre Fili,KO/TKO,2,2013-10-19,Andre Fili,Jeremy Larsen,0.0,0.0,0.0,0.0,0.0,0.0,0.0,0.0,0.0,0.0,0.0,0.0,0.0,0.0,0.0,0.0,1153.3,1008.0,1520.0,1100.0
win,Mirko Filipovic,KO/TKO,3,2015-04-11,Mirko Filipovic,Gabriel Gonzaga,2.194,1.973,0.1,0.4,0.778,0.111,1.0,0.0,3.918,0.206,1.0,1.0,1.0,0.0,1.0,0.0,1163.471,1000.0,1530.0,1000.0
loss,Roy Nelson,KO/TKO,3,2011-10-29,Mirko Filipovic,Roy Nelson,2.177,1.941,0.103,0.4,0.778,0.111,1.0,0.0,0.0,0.0,0.0,0.0,0.0,0.0,0.0,0.0,984.0,1000.0,980.0,1000.0
loss,Brendan Schaub,KO/TKO,3,2011-03-19,Mirko Filipovic,Brendan Schaub,2.21,1.892,0.105,0.6,0.778,0.111,1.0,0.0,0.0,0.0,0.0,0.0,0.0,0.0,0.0,0.0,1000.0,1000.0,1120.0,1000.0
loss,Frank Mir,KO/TKO,3,2010-09-25,Mirko Filipovic,Frank Mir,2.256,1.898,0.108,0.8,0.778,0.111,1.0,0.0,1.309,7.418,1.0,0.0,0.0,0.0,1.0,0.0,1000.0,1000.0,1200.0,1000.0
win,Mirko Filipovic,SUB,3,2010-06-12,Mirko Filipovic,Pat Barry,2.218,1.908,0.111,0.6,0.808,0.077,1.0,0.0,0.0,0.0,0.0,0.0,0.0,0.0,0.0,0.0,1094.0,1000.0,1250.0,1000.0
win,Mirko Filipovic,KO/TKO,2,2010-02-20,Mirko Filipovic,Anthony Perosh,2.189,1.951,0.114,0.6,0.8,0.08,1.0,0.0,0.0,0.0,0.0,0.0,0.0,0.0,0.0,0.0,1024.0,1008.0,1120.0,1010.0
loss,Junior Dos Santos,KO/TKO,3,2009-09-19,Mirko Filipovic,Junior Dos Santos,2.208,1.743,0.118,0.6,0.8,0.08,1.0,0.0,0.0,0.0,0.0,0.0,0.0,0.0,0.0,0.0,968.0,1000.0,800.0,1000.0
win,Mirko Filipovic,KO/TKO,1,2009-06-13,Mirko Filipovic,Mostapha Al-Turk,2.167,1.735,0.091,0.4,0.792,0.083,1.0,0.0,0.0,0.0,0.0,0.0,0.0,0.0,0.0,0.0,1274.130717632675,966.3967468680999,1150.0,920.0
win,Mirko Filipovic,KO/TKO,1,2008-12-31,Mirko Filipovic,Hong Man Choi,2.168,1.77,0.094,0.4,0.783,0.087,1.0,0.0,0.0,0.0,0.0,0.0,0.0,0.0,0.0,0.0,1008.0,1000.0,1300.0,1000.0
nc,Draw,other,1,2008-09-23,Mirko Filipovic,Alistair Overeem,2.227,1.663,0.097,0.6,0.783,0.087,1.0,0.0,0.0,0.0,0.0,0.0,0.0,0.0,0.0,0.0,992.0,1016.0,920.0,1120.0
win,Mirko Filipovic,KO/TKO,1,2008-03-15,Mirko Filipovic,Tatsuya Mizuno,2.179,1.671,0.1,0.6,0.773,0.091,1.0,0.0,0.0,0.0,0.0,0.0,0.0,0.0,0.0,0.0,1132.2421729382995,1000.0,1470.0,1000.0
loss,Cheick Kongo,DEC,3,2007-09-08,Mirko Filipovic,Cheick Kongo,2.271,1.472,0.069,0.8,0.773,0.091,1.0,0.0,0.0,0.0,0.0,0.0,0.0,0.0,0.0,0.0,1000.0,1000.0,1000.0,1000.0
loss,Gabriel Gonzaga,KO/TKO,1,2007-04-21,Mirko Filipovic,Gabriel Gonzaga,2.325,1.409,0.071,1.0,0.773,0.091,1.0,0.0,0.0,0.0,0.0,0.0,0.0,0.0,0.0,0.0,1000.0,1000.0,1000.0,1000.0
win,Mirko Filipovic,KO/TKO,1,2007-02-03,Mirko Filipovic,Eddie Sanchez,2.273,1.417,0.074,0.8,0.762,0.095,1.0,0.0,0.0,0.0,0.0,0.0,0.0,0.0,0.0,0.0,1000.0,1000.0,1400.0,1000.0
win,Mirko Filipovic,KO/TKO,1,2006-09-10,Mirko Filipovic,Josh Barnett,2.168,1.436,0.08,0.6,0.737,0.105,1.0,0.0,3.742,1.712,0.5,0.0,0.0,0.0,1.0,0.0,1295.6720955861952,1000.0,1250.0,1000.0
win,Mirko Filipovic,KO/TKO,1,2006-09-10,Mirko Filipovic,Wanderlei Silva,2.168,1.436,0.08,0.6,0.737,0.105,1.0,0.0,0.913,0.478,3.0,0.0,0.0,0.0,1.0,0.0,1000.0,1000.0,1000.0,1000.0
win,Mirko Filipovic,KO/TKO,1,2006-07-01,Mirko Filipovic,Hidehiko Yoshida,2.128,1.479,0.083,0.6,0.722,0.111,1.0,0.0,0.0,0.0,1.0,1.0,0.0,1.0,1.0,0.0,1174.91397,1000.0,1630.0,1000.0
win,Mirko Filipovic,KO/TKO,1,2006-05-05,Mirko Filipovic,Ikuhisa Minowa,2.069,1.471,0.087,0.6,0.706,0.118,1.0,0.0,0.0,0.0,0.0,0.0,0.0,0.0,0.0,0.0,1008.0,1000.0,1220.0,1000.0
loss,Mark Hunt,DEC,3,2005-12-31,Mirko Filipovic,Mark Hunt,2.055,1.279,0.091,0.8,0.706,0.118,1.0,0.0,0.0,0.0,0.0,0.0,0.0,0.0,0.0,0.0,992.0,1016.0,920.0,1010.0
win,Mirko Filipovic,DEC,3,2005-10-23,Mirko Filipovic,Josh Barnett,2.085,0.989,0.048,0.8,0.75,0.125,1.0,0.0,2.609,0.0,0.0,0.0,0.0,0.0,1.0,0.0,1122.9852208326186,1000.0,1570.0,1000.0
loss,Fedor Emelianenko,DEC,3,2005-08-28,Mirko Filipovic,Fedor Emelianenko,2.269,0.684,0.05,1.0,0.75,0.125,1.0,0.0,0.0,0.0,0.0,0.0,0.0,0.0,0.0,0.0,1028.0,984.0,1170.0,880.0
win,Mirko Filipovic,KO/TKO,1,2005-06-26,Mirko Filipovic,Ibragim Magomedov,2.214,0.699,0.053,1.0,0.733,0.133,1.0,0.0,0.0,0.0,0.0,0.0,0.0,0.0,0.0,0.0,1008.0,1000.0,1500.0,1000.0
win,Mirko Filipovic,KO/TKO,1,2005-02-20,Mirko Filipovic,Mark Coleman,2.178,0.695,0.056,1.0,0.714,0.143,1.0,0.0,3.275,0.753,3.0,1.0,0.5,0.0,1.0,0.0,992.0,1000.0,1100.0,1000.0
win,Mirko Filipovic,SUB,1,2004-12-31,Mirko Filipovic,Kevin Randleman,2.182,0.699,0.059,0.8,0.769,0.077,1.0,0.0,2.564,0.0,0.0,1.0,1.0,0.0,1.0,0.0,1131.594186290902,1000.0,1580.0,1000.0
win,Mirko Filipovic,SUB,1,2004-10-31,Mirko Filipovic,Josh Barnett,2.198,0.686,0.062,0.8,0.833,0.0,1.0,0.0,0.0,0.0,0.0,0.0,0.0,0.0,0.0,0.0,992.0,1040.0,870.0,1220.0
win,Mirko Filipovic,KO/TKO,1,2004-08-15,Mirko Filipovic,Aleksander Emelianenko,2.099,0.661,0.067,0.8,0.818,0.0,1.0,0.0,0.0,0.0,0.0,0.0,0.0,0.0,0.0,0.0,1000.0,1008.0,1090.0,1030.0
win,Mirko Filipovic,KO/TKO,1,2004-07-19,Mirko Filipovic,Shungo Oyama,2.033,0.658,0.071,0.6,0.8,0.0,1.0,0.0,0.0,0.0,0.0,0.0,0.0,0.0,0.0,0.0,1140.805779331265,1000.0,1620.0,1000.0
win,Mirko Filipovic,DEC,2,2004-05-23,Mirko Filipovic,Hiromitsu Kanehara,1.607,0.579,0.0,0.6,0.889,0.0,1.0,0.0,0.0,0.0,0.0,0.0,0.0,0.0,0.0,0.0,1026.0,1016.0,970.0,1020.0
loss,Kevin Randleman,KO/TKO,1,2004-04-25,Mirko Filipovic,Kevin Randleman,1.642,0.536,0.0,0.8,0.889,0.0,1.0,0.0,0.0,0.0,0.0,0.0,0.0,0.0,0.0,0.0,1016.0,1000.0,1020.0,1000.0
win,Mirko Filipovic,KO/TKO,1,2004-02-15,Mirko Filipovic,Yoshihisa Yamamoto,1.469,0.538,0.0,0.8,0.875,0.0,1.0,0.0,0.0,0.0,0.0,0.0,0.0,0.0,0.0,0.0,1000.0,1000.0,1000.0,1000.0
win,Mirko Filipovic,KO/TKO,1,2004-02-01,Mirko Filipovic,Ron Waterman,1.507,0.558,0.0,0.8,0.857,0.0,1.0,0.0,0.0,0.0,0.0,0.0,0.0,0.0,0.0,0.0,1008.0,1000.0,1220.0,1000.0
loss,Antonio Rodrigo Nogueira,SUB,2,2003-11-09,Mirko Filipovic,Antonio Rodrigo Nogueira,1.316,0.477,0.0,1.0,0.857,0.0,1.0,0.0,0.0,0.0,0.0,0.0,0.0,0.0,0.0,0.0,992.0,1000.0,1190.0,1000.0
win,Mirko Filipovic,KO/TKO,1,2003-10-05,Mirko Filipovic,Dos Caras Jr.,1.29,0.482,0.0,0.8,0.833,0.0,1.0,0.0,0.0,0.0,0.0,0.0,0.0,0.0,0.0,0.0,1150.6621838844537,1008.0,1720.0,1100.0
win,Mirko Filipovic,KO/TKO,1,2003-08-10,Mirko Filipovic,Igor Vovchanchyn,1.275,0.438,0.0,0.8,0.8,0.0,1.0,0.0,0.0,0.0,0.0,0.0,0.0,0.0,0.0,0.0,1160.6485367563655,1009.256952105681,1740.0,1100.0
win,Mirko Filipovic,KO/TKO,1,2003-06-08,Mirko Filipovic,Heath Herring,1.083,0.403,0.0,0.6,0.75,0.0,1.0,0.0,0.0,0.0,0.0,0.0,0.0,0.0,0.0,0.0,1000.0,1000.0,840.0,1000.0
win,Mirko Filipovic,DEC,3,2002-12-31,Mirko Filipovic,Kazuyuki Fujita,0.789,0.474,0.0,0.6,1.0,0.0,1.0,0.0,0.0,1.538,1.0,0.0,0.0,0.0,1.0,0.0,1016.0,990.7884069596369,790.0,950.0
win,Mirko Filipovic,KO/TKO,2,2002-08-28,Mirko Filipovic,Kazushi Sakuraba,0.553,0.511,0.0,0.5,1.0,0.0,1.0,0.0,0.0,0.0,0.0,0.0,0.0,0.0,0.0,0.0,1008.0,1000.0,1020.0,1000.0
draw,Draw,other,5,2002-04-28,Mirko Filipovic,Wanderlei Silva,0.625,0.125,0.0,0.667,1.0,0.0,1.0,0.0,0.0,0.0,0.0,0.0,0.0,0.0,0.0,0.0,1016.0,1000.0,1230.0,1000.0
win,Mirko Filipovic,KO/TKO,1,2001-12-31,Mirko Filipovic,Yuji Nagata,0.423,0.127,0.0,0.5,1.0,0.0,1.0,0.0,0.0,0.0,0.0,0.0,0.0,0.0,0.0,0.0,1150.0511258308177,992.0,1560.0,1100.0
draw,Draw,other,5,2001-11-03,Mirko Filipovic,Nobuhiko Takada,1.538,0.0,0.0,1.0,1.0,0.0,1.0,0.0,0.0,0.0,0.0,0.0,0.0,0.0,0.0,0.0,1041.2115930403631,1000.0,800.0,1000.0
win,Mirko Filipovic,KO/TKO,1,2001-08-19,Mirko Filipovic,Kazuyuki Fujita,0.0,0.0,0.0,0.0,0.0,0.0,0.0,0.0,0.0,0.0,0.0,0.0,0.0,0.0,0.0,0.0,1032.0,1000.0,1240.0,1000.0
loss,Hayato Sakurai,SUB,1,2004-07-19,Brady Fink,Hayato Sakurai,0.0,0.0,0.0,0.0,0.0,0.0,0.0,0.0,0.0,0.0,0.0,0.0,0.0,0.0,0.0,0.0,1000.0,1000.0,1000.0,1000.0
win,Jesse Finney,SUB,1,2010-05-15,Jesse Finney,Justin DeMoney,0.0,0.0,0.0,1.0,0.0,1.0,1.0,0.0,0.0,0.0,0.0,0.0,0.0,0.0,0.0,0.0,1000.0,1000.0,940.0,1000.0
win,Jesse Finney,SUB,1,2009-06-06,Jesse Finney,Josh Bumgarner,0.0,0.0,0.0,0.0,0.0,0.0,0.0,0.0,0.0,0.0,0.0,0.0,0.0,0.0,0.0,0.0,1161.114704638975,1008.0,1590.0,1020.0
loss,Mike Ricci,DEC,3,2013-03-16,Colin Fletcher,Mike Ricci,3.733,2.8,0.0,0.0,0.0,0.0,1.0,0.0,0.0,0.0,0.0,0.0,0.0,0.0,0.0,0.0,1055.0,1000.0,1340.0,1000.0
loss,Norman Parke,DEC,3,2012-12-14,Colin Fletcher,Norman Parke,0.0,0.0,0.0,0.0,0.0,0.0,0.0,0.0,0.0,0.0,0.0,0.0,0.0,0.0,0.0,0.0,1008.0,977.0,1100.0,1100.0
loss,Bryan Battle,SUB,2,2023-09-23,AJ Fletcher,Bryan Battle,3.537,4.588,1.25,0.5,0.5,0.5,1.0,59.25,0.2,2.867,0.0,0.0,0.0,0.0,1.0,0.0,1094.0,1000.0,1360.0,1000.0
win,AJ Fletcher,SUB,2,2023-02-18,AJ Fletcher,Themba Gorimbo,4.043,5.34,1.667,0.333,1.0,0.0,1.0,12.0,0.0,0.0,0.0,0.0,0.0,0.0,0.0,0.0,1008.0,1000.0,1040.0,1000.0
loss,Ange Loosa,DEC,3,2022-08-20,AJ Fletcher,Ange Loosa,2.529,2.529,2.5,0.5,1.0,0.0,1.0,0.0,0.0,0.0,0.0,0.0,0.0,0.0,0.0,0.0,1000.0,1000.0,1000.0,1000.0
loss,Matthew Semelsberger,DEC,3,2022-03-12,AJ Fletcher,Matthew Semelsberger,4.167,1.667,1.0,1.0,1.0,0.0,1.0,0.0,0.0,0.0,0.0,0.0,0.0,0.0,0.0,0.0,1214.239956797433,1016.5639021965087,1000.0,1010.0
win,AJ Fletcher,KO/TKO,1,2021-08-31,AJ Fletcher,Leonardo Damiani,0.0,0.0,0.0,0.0,0.0,0.0,0.0,0.0,0.0,0.0,0.0,0.0,0.0,0.0,0.0,0.0,1171.832733963703,1023.0,1610.0,1100.0
loss,Rinya Nakamura,KO/TKO,1,2025-08-02,Nathan Fletcher,Rinya Nakamura,3.438,1.695,2.5,0.5,0.0,1.0,1.0,0.0,0.0,0.0,0.0,0.0,0.0,0.0,0.0,0.0,1070.2115930403631,1000.0,900.0,1000.0
loss,Caolan Loughran,DEC,3,2025-03-22,Nathan Fletcher,Caolan Loughran,2.246,0.963,4.0,1.0,0.0,1.0,1.0,0.0,0.0,0.0,0.0,0.0,0.0,0.0,0.0,0.0,1160.0,1016.0,1370.0,1100.0
win,Nathan Fletcher,SUB,2,2024-09-07,Nathan Fletcher,Zygimantas Ramaska,0.0,0.0,0.0,0.0,0.0,0.0,0.0,0.0,0.0,0.0,0.0,0.0,0.0,0.0,0.0,0.0,1030.0,1000.0,1120.0,1000.0
loss,Matt Schnell,DEC,3,2025-04-26,Jimmy Flick,Matt Schnell,1.941,5.43,0.833,0.4,0.0,1.0,1.0,26.833,0.0,0.0,0.0,0.0,0.0,0.0,0.0,0.0,1000.0,1000.0,1000.0,1000.0
loss,Nate Maness,DEC,3,2024-06-15,Jimmy Flick,Nate Maness,1.705,5.204,0.8,0.6,0.0,1.0,1.0,0.0,0.0,0.0,0.0,0.0,0.0,0.0,0.0,0.0,1000.0,1000.0,1220.0,1000.0
win,Jimmy Flick,SUB,2,2024-01-20,Jimmy Flick,Malcolm Gordon,1.989,5.046,0.75,0.5,0.0,1.0,1.0,0.0,3.067,1.867,2.0,1.0,0.0,0.0,1.0,361.0,1000.0,1000.0,920.0,1000.0
loss,Alessandro Costa,KO/TKO,2,2023-06-17,Jimmy Flick,Alessandro Costa,1.896,3.412,1.0,0.667,0.0,1.0,1.0,0.0,0.0,0.0,0.0,0.0,0.0,0.0,0.0,0.0,1008.0,1000.0,1100.0,1000.0
loss,Charles Johnson,KO/TKO,1,2023-01-14,Jimmy Flick,Charles Johnson,1.994,2.296,1.0,1.0,0.0,1.0,1.0,0.0,0.0,0.0,0.0,0.0,0.0,0.0,0.0,0.0,1120.2115930403631,1000.0,1000.0,1000.0
win,Jimmy Flick,SUB,1,2020-12-19,Jimmy Flick,Cody Durden,2.038,1.283,2.0,1.0,0.0,1.0,1.0,0.0,0.0,0.0,0.0,0.0,0.0,0.0,0.0,0.0,1170.08,1030.0,1470.0,1100.0
win,Jimmy Flick,SUB,3,2020-09-01,Jimmy Flick,Nate Smith,0.0,0.0,0.0,0.0,0.0,0.0,0.0,0.0,0.0,0.0,0.0,0.0,0.0,0.0,0.0,0.0,1161.414442586244,1000.0,1710.0,1000.0
loss,Jordan Leavitt,SUB,1,2020-08-04,Luke Flores,Jordan Leavitt,2.109,2.344,0.0,0.0,0.0,0.0,1.0,0.0,0.0,0.0,0.0,0.0,0.0,0.0,0.0,0.0,992.0,1000.0,1320.0,1000.0
loss,Matt Frevola,SUB,2,2017-08-29,Luke Flores,Matt Frevola,0.0,0.0,0.0,0.0,0.0,0.0,0.0,0.0,0.0,0.0,0.0,0.0,0.0,0.0,0.0,0.0,1000.0,1000.0,1000.0,1000.0
loss,Dustin Jacoby,DEC,3,2020-08-04,Ty Flores,Dustin Jacoby,0.0,0.0,0.0,0.0,0.0,0.0,0.0,0.0,0.0,0.0,0.0,0.0,0.0,0.0,0.0,0.0,1008.0,1000.0,1030.0,1000.0
loss,Rafael Alves,SUB,2,2020-08-25,Alejandro Flores,Rafael Alves,0.0,0.0,0.0,0.0,0.0,0.0,0.0,0.0,0.0,0.0,0.0,0.0,0.0,0.0,0.0,0.0,1008.0,1000.0,930.0,1000.0
loss,Jose Aldo,DEC,5,2011-10-08,Kenny Florian,Jose Aldo,2.528,1.823,1.588,0.6,0.231,0.615,1.0,41.882,3.08,0.8,0.0,1.0,0.0,0.0,1.0,0.0,1000.0,1008.0,1350.0,1010.0
win,Kenny Florian,DEC,3,2011-06-11,Kenny Florian,Diego Nunes,2.5,1.798,1.438,0.6,0.25,0.667,1.0,26.188,0.0,0.0,0.0,0.0,0.0,0.0,0.0,0.0,1172.713453567281,994.5068356001216,1810.0,980.0
loss,Gray Maynard,DEC,3,2010-08-28,Kenny Florian,Gray Maynard,2.675,1.887,1.533,0.8,0.25,0.667,1.0,27.933,0.0,0.0,0.0,0.0,0.0,0.0,0.0,0.0,1179.8855999999998,1000.0,1490.0,1000.0
win,Kenny Florian,SUB,3,2010-03-31,Kenny Florian,Takanori Gomi,2.539,1.922,1.571,0.8,0.273,0.636,1.0,22.429,0.0,0.0,0.0,0.0,0.0,0.0,0.0,0.0,1160.2389903095798,1000.0,1910.0,1000.0
win,Kenny Florian,SUB,2,2009-12-12,Kenny Florian,Clay Guida,2.509,1.932,1.615,0.8,0.3,0.6,1.0,19.231,0.0,0.0,0.0,0.0,0.0,0.0,0.0,0.0,1111.7967815275376,1000.0,1100.0,1000.0
loss,BJ Penn,SUB,4,2009-08-08,Kenny Florian,BJ Penn,2.806,1.717,1.75,1.0,0.3,0.6,1.0,0.0,0.0,0.0,0.0,0.0,0.0,0.0,0.0,0.0,1000.0,1000.0,1130.0,1000.0
win,Kenny Florian,SUB,1,2008-11-15,Kenny Florian,Joe Stevenson,2.745,1.728,1.818,1.0,0.333,0.556,1.0,0.0,0.0,0.0,0.0,0.0,0.0,0.0,0.0,0.0,1008.0,1000.0,1450.0,1000.0
win,Kenny Florian,DEC,3,2008-08-09,Kenny Florian,Roger Huerta,2.616,1.635,1.5,0.8,0.375,0.625,1.0,0.0,0.0,0.0,0.0,0.0,0.0,0.0,0.0,0.0,992.0,1000.0,900.0,1000.0
win,Kenny Florian,KO/TKO,2,2008-04-02,Kenny Florian,Joe Lauzon,2.427,1.765,1.444,0.8,0.286,0.714,1.0,0.0,0.0,0.0,0.0,0.0,0.0,0.0,0.0,0.0,1000.0,1000.0,800.0,1000.0
win,Kenny Florian,SUB,1,2007-09-19,Kenny Florian,Din Thomas,2.174,1.843,1.375,0.8,0.333,0.667,1.0,0.0,0.0,0.0,0.0,0.0,0.0,0.0,0.0,0.0,1192.4775919999997,1000.0,1510.0,1000.0
win,Kenny Florian,KO/TKO,1,2007-07-07,Kenny Florian,Alvin Robinson,2.001,1.882,1.143,0.8,0.2,0.8,1.0,0.0,0.0,0.0,0.0,0.0,0.0,0.0,0.0,0.0,1149.0222609879092,1000.0,2010.0,1000.0
win,Kenny Florian,SUB,3,2007-04-05,Kenny Florian,Dokonjonosuke Mishima,1.777,2.332,1.167,0.6,0.25,0.75,1.0,0.0,0.0,0.0,0.0,0.0,0.0,0.0,0.0,0.0,1000.0,1000.0,1350.0,1000.0
loss,Sean Sherk,DEC,5,2006-10-14,Kenny Florian,Sean Sherk,2.848,2.248,1.4,0.8,0.25,0.75,1.0,0.0,0.0,0.0,0.0,0.0,0.0,0.0,0.0,0.0,1119.6225562344653,1000.0,1200.0,1000.0
win,Kenny Florian,SUB,1,2006-06-24,Kenny Florian,Sam Stout,2.849,2.466,1.5,0.75,0.333,0.667,1.0,0.0,0.0,0.0,0.0,0.0,0.0,0.0,0.0,0.0,1000.0,1000.0,1000.0,1000.0
win,Kenny Florian,SUB,2,2005-11-05,Kenny Florian,Kit Cope,3.325,2.929,1.0,0.667,0.5,0.5,1.0,0.0,0.0,0.0,0.0,0.0,0.0,0.0,0.0,0.0,1008.0,1000.0,1360.0,1000.0
win,Kenny Florian,KO/TKO,2,2005-08-06,Kenny Florian,Alex Karalexis,0.839,3.986,1.0,0.5,0.0,1.0,1.0,0.0,0.0,0.0,0.0,0.0,0.0,0.0,0.0,0.0,1008.0,1000.0,900.0,1000.0
loss,Diego Sanchez,KO/TKO,1,2005-04-09,Kenny Florian,Diego Sanchez,1.026,2.564,2.0,1.0,0.0,1.0,1.0,0.0,0.0,0.0,0.0,0.0,0.0,0.0,0.0,0.0,1000.0,1000.0,1000.0,1000.0
win,Kenny Florian,SUB,1,2004-02-21,Kenny Florian,Bobby McAndrews,0.0,0.0,0.0,0.0,0.0,0.0,0.0,0.0,0.0,0.0,0.0,0.0,0.0,0.0,0.0,0.0,1000.0,1000.0,1000.0,1000.0
win,Darrius Flowers,KO/TKO,2,2026-04-04,Darrius Flowers,Lando Vannata,3.072,5.49,0.5,0.25,0.0,1.0,1.0,32.25,4.784,5.902,0.5,0.0,0.0,0.0,1.0,0.0,992.0,1008.0,880.0,1020.0
loss,Evan Elder,SUB,2,2024-07-13,Darrius Flowers,Evan Elder,2.937,5.161,0.333,0.333,0.0,1.0,1.0,2.667,0.0,0.0,0.0,0.0,0.0,0.0,0.0,0.0,1111.2489772980528,1000.0,1300.0,1000.0
loss,Michael Johnson,DEC,3,2024-02-10,Darrius Flowers,Michael Johnson,4.189,7.019,0.5,0.5,0.0,1.0,1.0,4.0,4.582,2.853,0.333,1.0,0.333,0.0,1.0,3.667,1205.9510234399997,1000.0,1610.0,1000.0
loss,Jake Matthews,SUB,2,2023-07-29,Darrius Flowers,Jake Matthews,0.822,1.644,0.0,1.0,0.0,1.0,1.0,8.0,0.0,0.0,0.0,0.0,0.0,0.0,0.0,0.0,1000.0,1000.0,1000.0,1000.0
win,Darrius Flowers,SUB,1,2022-08-23,Darrius Flowers,Amiran Gogoladze,0.0,0.0,0.0,0.0,0.0,0.0,0.0,0.0,0.0,0.0,0.0,0.0,0.0,0.0,0.0,0.0,1000.0,1000.0,1000.0,1000.0
win,Cody Floyd,KO/TKO,3,2010-04-17,Cody Floyd,Thomas Campbell,0.0,0.0,0.0,0.0,0.0,0.0,0.0,0.0,0.0,0.0,0.0,0.0,0.0,0.0,0.0,0.0,1008.0,1000.0,1020.0,1000.0
loss,Sam Stout,DEC,3,2013-02-23,Caros Fodor,Sam Stout,0.528,0.577,0.167,0.8,0.4,0.2,1.0,0.0,0.0,2.83,0.0,0.0,0.0,0.0,1.0,0.0,1000.0,1000.0,1000.0,1000.0
loss,Pat Healy,SUB,3,2012-03-03,Caros Fodor,Pat Healy,0.0,0.0,0.0,1.0,0.4,0.2,1.0,0.0,0.0,0.0,0.0,0.0,0.0,0.0,0.0,0.0,1016.0,1000.0,1370.0,1000.0
win,Caros Fodor,KO/TKO,1,2011-12-17,Caros Fodor,Justin Wilcox,0.0,0.0,0.0,1.0,0.25,0.25,1.0,0.0,0.0,0.0,0.0,0.0,0.0,0.0,0.0,0.0,992.0,1000.0,880.0,1000.0
win,Caros Fodor,DEC,3,2011-06-24,Caros Fodor,James Terry,0.0,0.0,0.0,1.0,0.333,0.333,1.0,0.0,0.0,0.0,0.0,0.0,0.0,0.0,0.0,0.0,1024.0,1000.0,1040.0,1000.0
win,Caros Fodor,KO/TKO,3,2011-04-01,Caros Fodor,David Douglas,0.0,0.0,0.0,1.0,0.0,0.5,1.0,0.0,0.0,0.0,0.0,0.0,0.0,0.0,0.0,0.0,1008.0,1000.0,1100.0,1000.0
win,Caros Fodor,SUB,1,2010-11-19,Caros Fodor,Derek Getzel,0.0,0.0,0.0,1.0,0.0,0.0,1.0,0.0,0.0,0.0,0.0,0.0,0.0,0.0,0.0,0.0,1016.0,1000.0,1120.0,1000.0
win,Caros Fodor,DEC,3,2010-07-23,Caros Fodor,Thomas Diagne,0.0,0.0,0.0,0.0,0.0,0.0,0.0,0.0,0.0,0.0,0.0,0.0,0.0,0.0,0.0,0.0,1119.0364057089164,1000.0,1310.0,1000.0
loss,Alexander Crispim,DEC,3,2009-12-19,AJ Fonseca,Alexander Crispim,0.0,0.0,0.0,0.0,0.0,0.0,0.0,0.0,0.0,0.0,0.0,0.0,0.0,0.0,0.0,0.0,1000.0,1000.0,1100.0,1000.0
loss,Ryan Jensen,SUB,1,2010-05-29,Jesse Forbes,Ryan Jensen,2.08,4.119,0.667,0.0,0.0,0.0,1.0,32.333,0.0,0.0,0.0,0.0,0.0,0.0,0.0,0.0,1032.0,1000.0,1390.0,1000.0
loss,Nick Catone,DEC,3,2010-01-11,Jesse Forbes,Nick Catone,1.993,7.417,1.0,0.0,0.0,0.0,1.0,0.0,0.0,0.0,0.0,0.0,0.0,0.0,0.0,0.0,1016.0,1000.0,1200.0,1000.0
loss,Bryan Baker,KO/TKO,1,2007-09-05,Jesse Forbes,Bryan Baker,1.882,6.899,0.0,0.0,0.0,0.0,1.0,0.0,0.0,0.0,0.0,0.0,0.0,0.0,0.0,0.0,1000.0,1000.0,1000.0,1000.0
loss,Matt Hamill,KO/TKO,1,2006-06-24,Jesse Forbes,Matt Hamill,0.0,0.0,0.0,0.0,0.0,0.0,0.0,0.0,0.0,0.0,0.0,0.0,0.0,0.0,0.0,0.0,1016.0,1024.0,1200.0,1110.0
loss,Milton Vieira,SUB,1,2011-08-12,Sterling Ford,Milton Vieira,0.0,0.0,0.0,1.0,0.0,0.0,1.0,0.0,0.0,0.0,0.0,0.0,0.0,0.0,0.0,0.0,984.0,1000.0,980.0,1000.0
win,Sterling Ford,DEC,3,2011-07-22,Sterling Ford,Brian McLaughlin,0.0,0.0,0.0,0.0,0.0,0.0,0.0,0.0,0.0,0.0,0.0,0.0,0.0,0.0,0.0,0.0,1032.0,1000.0,1140.0,1000.0
loss,Danny Barlow,KO/TKO,1,2023-09-26,Raheam Forest,Danny Barlow,0.0,0.0,0.0,0.0,0.0,0.0,0.0,0.0,0.0,0.0,0.0,0.0,0.0,0.0,0.0,0.0,1220.3675950807997,1000.0,1640.0,1000.0
loss,Alex Perez,KO/TKO,1,2020-06-06,Jussier Formiga,Alex Perez,1.382,2.127,1.562,0.6,0.0,0.3,1.0,48.188,0.0,0.0,0.0,0.0,0.0,0.0,0.0,0.0,1127.3689541085405,1000.0,1340.0,1000.0
loss,Brandon Moreno,DEC,3,2020-03-14,Jussier Formiga,Brandon Moreno,1.414,2.121,1.6,0.8,0.0,0.3,1.0,34.6,0.0,0.0,0.0,0.0,0.0,0.0,0.0,0.0,1000.0,987.408008,860.0,880.0
loss,Joseph Benavidez,KO/TKO,2,2019-06-29,Jussier Formiga,Joseph Benavidez,1.407,1.946,1.643,1.0,0.0,0.3,1.0,35.143,3.405,1.104,0.0,1.0,0.5,0.5,1.0,0.0,1032.0,1000.0,1300.0,1000.0
win,Jussier Formiga,DEC,3,2019-03-23,Jussier Formiga,Deiveson Figueiredo,1.335,2.167,1.417,0.8,0.0,0.375,1.0,7.667,2.248,1.616,1.75,1.0,0.75,0.0,1.0,45.0,1000.0,1000.0,1000.0,1000.0
win,Jussier Formiga,DEC,3,2018-10-06,Jussier Formiga,Sergio Pettis,1.352,2.188,1.364,0.6,0.0,0.429,1.0,8.364,0.0,0.0,0.0,0.0,0.0,0.0,0.0,0.0,1008.0,1000.0,1010.0,1000.0
win,Jussier Formiga,SUB,3,2018-02-10,Jussier Formiga,Ben Nguyen,1.251,2.23,1.3,0.6,0.0,0.333,1.0,9.2,0.0,0.0,0.0,0.0,0.0,0.0,0.0,0.0,1009.0,1000.0,1490.0,1000.0
win,Jussier Formiga,SUB,1,2017-09-22,Jussier Formiga,Yuta Sasaki,1.219,2.174,1.333,0.6,0.0,0.2,1.0,0.0,0.0,0.0,0.0,0.0,0.0,0.0,0.0,0.0,1008.0,1000.0,1300.0,1000.0
loss,Ray Borg,DEC,3,2017-03-11,Jussier Formiga,Ray Borg,1.09,2.136,1.5,0.8,0.0,0.2,1.0,0.0,0.0,0.0,0.0,0.0,0.0,0.0,0.0,0.0,1055.0,1136.2847808961383,1160.0,1440.0
win,Jussier Formiga,DEC,3,2016-09-24,Jussier Formiga,Dustin Ortiz,1.2,2.387,1.571,0.6,0.0,0.25,1.0,0.0,0.0,0.0,0.0,0.0,0.0,0.0,0.0,0.0,1193.2847808961383,998.0,1540.0,1260.0
loss,Henry Cejudo,DEC,3,2015-11-21,Jussier Formiga,Henry Cejudo,1.085,2.269,1.833,0.8,0.0,0.25,1.0,0.0,0.0,0.0,0.0,0.0,0.0,0.0,0.0,0.0,1000.0,1000.0,960.0,1000.0
win,Jussier Formiga,DEC,3,2015-05-30,Jussier Formiga,Wilson Reis,0.982,2.401,1.4,0.6,0.0,0.333,1.0,0.0,0.0,0.0,0.0,0.0,0.0,0.0,0.0,0.0,1235.7933267364556,1000.0,1660.0,1000.0
win,Jussier Formiga,DEC,3,2014-08-16,Jussier Formiga,Zach Makovsky,1.103,2.758,1.25,0.5,0.0,0.5,1.0,0.0,0.0,0.0,0.0,0.0,0.0,0.0,0.0,0.0,1206.954715558868,1026.0,1640.0,1030.0
win,Jussier Formiga,SUB,1,2014-03-23,Jussier Formiga,Scott Jorgensen,0.903,2.852,1.333,0.333,0.0,0.0,1.0,0.0,3.996,5.091,1.0,0.0,0.0,0.0,1.0,0.0,1016.0,1000.0,1400.0,1000.0
loss,Joseph Benavidez,KO/TKO,1,2013-09-04,Jussier Formiga,Joseph Benavidez,0.773,2.4,2.0,0.5,0.0,0.0,1.0,0.0,2.194,0.774,0.0,1.0,0.0,1.0,1.0,0.0,1159.4538192570628,1008.0,2110.0,1100.0
win,Jussier Formiga,DEC,3,2013-05-18,Jussier Formiga,Chris Cariaso,0.939,3.443,0.0,0.0,0.0,0.0,1.0,0.0,3.567,1.331,2.667,1.0,0.0,0.333,1.0,0.0,984.3300653372703,1000.0,1360.0,1000.0
loss,John Dodson,KO/TKO,2,2012-10-05,Jussier Formiga,John Dodson,0.0,0.0,0.0,0.0,0.0,0.0,0.0,0.0,0.0,0.0,0.0,0.0,0.0,0.0,0.0,0.0,1000.0,1000.0,1110.0,1000.0
win,Carol Foro,DEC,3,2025-09-09,Carol Foro,Shanelle Dyer,0.0,0.0,0.0,0.0,0.0,0.0,0.0,0.0,0.0,0.0,0.0,0.0,0.0,0.0,0.0,0.0,1000.0,1000.0,1000.0,1000.0
loss,Francisco Trevino,DEC,3,2014-03-15,Renee Forte,Francisco Trevino,2.65,1.623,0.667,0.333,0.0,0.0,1.0,0.0,0.0,0.0,0.0,0.0,0.0,0.0,0.0,0.0,1018.0,1020.1944,1590.0,980.0
loss,John Makdessi,KO/TKO,1,2013-09-21,Renee Forte,John Makdessi,2.592,1.03,1.0,0.5,0.0,0.0,1.0,0.0,0.0,0.0,0.0,0.0,0.0,0.0,0.0,0.0,1008.0,1000.0,1060.0,1000.0
win,Renee Forte,DEC,3,2013-02-16,Renee Forte,Terry Etim,1.975,1.215,0.0,0.0,0.0,0.0,1.0,0.0,17.647,0.0,0.0,1.0,0.0,1.0,1.0,8.0,1000.0,1000.0,1460.0,1000.0
loss,Sergio Moraes,SUB,3,2012-10-13,Renee Forte,Sergio Moraes,0.0,0.0,0.0,0.0,0.0,0.0,0.0,0.0,0.0,0.0,0.0,0.0,0.0,0.0,0.0,0.0,1170.0555866050572,1000.0,2120.0,1000.0
win,Tyrell Fortune,DEC,3,2026-03-28,Tyrell Fortune,Marcin Tybura,0.0,0.0,0.0,0.0,0.0,0.0,0.0,0.0,0.0,0.0,0.0,0.0,0.0,0.0,0.0,0.0,1032.0,1000.0,1410.0,1000.0
loss,Drew McFedries,KO/TKO,1,2009-05-23,Xavier Foupa-Pokam,Drew McFedries,1.533,2.067,0.0,0.0,0.0,0.0,1.0,481.0,0.0,0.0,0.0,0.0,0.0,0.0,0.0,0.0,1020.1944,1000.0,1690.0,1000.0
loss,Denis Kang,DEC,3,2009-04-18,Xavier Foupa-Pokam,Denis Kang,0.0,0.0,0.0,0.0,0.0,0.0,0.0,0.0,0.0,0.0,0.0,0.0,0.0,0.0,0.0,0.0,1008.0,1038.6668300891208,1470.0,1050.0
loss,Manny Tapia,KO/TKO,2,2007-05-12,Brandon Foxworth,Manny Tapia,0.0,0.0,0.0,0.0,0.0,0.0,0.0,0.0,0.0,0.0,0.0,0.0,0.0,0.0,0.0,0.0,1194.2878854697472,1000.0,1510.0,1000.0
loss,Tyson Griffin,KO/TKO,2,2009-09-19,Hermes Franca,Tyson Griffin,1.807,2.566,1.455,0.6,0.286,0.429,1.0,112.091,0.0,0.0,0.0,0.0,0.0,0.0,0.0,0.0,1252.2988596080074,1000.0,1680.0,1000.0
win,Hermes Franca,DEC,3,2008-10-25,Hermes Franca,Marcus Aurelio,1.561,2.554,1.6,0.6,0.333,0.5,1.0,123.3,0.0,0.0,0.0,0.0,0.0,0.0,0.0,0.0,1180.6877334868648,1000.0,1610.0,1000.0
loss,Frankie Edgar,DEC,3,2008-07-19,Hermes Franca,Frankie Edgar,1.607,2.296,1.778,0.8,0.333,0.5,1.0,56.0,0.0,0.0,0.0,0.0,0.0,0.0,0.0,0.0,1009.0,1000.0,1510.0,1000.0
loss,Sean Sherk,DEC,5,2007-07-07,Hermes Franca,Sean Sherk,1.971,2.535,2.0,0.8,0.333,0.5,1.0,63.0,2.4,0.92,8.0,1.0,0.0,0.0,1.0,0.0,1000.0,1000.0,1000.0,1000.0
win,Hermes Franca,KO/TKO,2,2007-01-25,Hermes Franca,Spencer Fisher,1.886,2.523,2.0,0.6,0.2,0.6,1.0,72.0,0.0,0.0,0.0,0.0,0.0,0.0,0.0,0.0,1030.0,1016.6668300891208,1490.0,920.0
win,Hermes Franca,SUB,2,2006-10-12,Hermes Franca,Nate Diaz,1.791,2.076,2.333,0.6,0.25,0.5,1.0,84.0,0.0,0.0,0.0,0.0,0.0,0.0,0.0,0.0,1000.0,1000.0,1000.0,1000.0
win,Hermes Franca,SUB,3,2006-08-26,Hermes Franca,Jamie Varner,1.825,2.234,2.6,0.6,0.333,0.333,1.0,100.8,0.0,0.0,0.0,0.0,0.0,0.0,0.0,0.0,976.0,1000.0,760.0,1000.0
win,Hermes Franca,SUB,3,2006-07-08,Hermes Franca,Joe Jordan,1.327,2.312,2.5,0.5,0.5,0.0,1.0,105.5,0.0,0.0,0.0,0.0,0.0,0.0,0.0,0.0,1000.0,1000.0,1000.0,1000.0
loss,Yves Edwards,DEC,3,2004-04-02,Hermes Franca,Yves Edwards,1.642,2.674,2.0,0.667,0.5,0.0,1.0,43.333,0.0,0.0,0.0,0.0,0.0,0.0,0.0,0.0,1000.0,1000.0,1000.0,1000.0
loss,Josh Thomson,DEC,3,2004-01-31,Hermes Franca,Josh Thomson,1.757,2.679,2.0,1.0,0.5,0.0,1.0,65.0,0.0,0.0,0.0,0.0,0.0,0.0,0.0,0.0,1009.0,1000.0,1180.0,1000.0
win,Hermes Franca,KO/TKO,2,2003-09-26,Hermes Franca,Caol Uno,1.8,1.933,2.0,1.0,0.0,0.0,1.0,44.0,0.0,0.0,0.0,0.0,0.0,0.0,0.0,0.0,992.0,1000.0,920.0,1000.0
win,Hermes Franca,DEC,3,2003-04-25,Hermes Franca,Richard Crunkilton,0.0,0.0,0.0,0.0,0.0,0.0,0.0,0.0,0.0,0.0,0.0,0.0,0.0,0.0,0.0,0.0,1018.0,1000.0,1610.0,1000.0
loss,Moreira Gregor Gillespie,DEC,3,2016-09-24,Glaico Franca,Moreira Gregor Gillespie,2.083,3.83,4.0,0.5,0.0,1.0,1.0,0.0,0.0,0.0,0.0,0.0,0.0,0.0,0.0,0.0,1000.0,1000.0,1000.0,1000.0
loss,Moreira James Vick,DEC,3,2016-04-23,Glaico Franca,Moreira James Vick,1.558,1.354,4.0,1.0,0.0,1.0,1.0,0.0,0.0,0.0,0.0,0.0,0.0,0.0,0.0,0.0,1000.0,986.52656856,1790.0,1100.0
win,Glaico Franca,SUB,3,2015-08-01,Glaico Franca,Moreira Fernando Bruno,0.0,0.0,0.0,0.0,0.0,0.0,0.0,0.0,0.0,0.0,0.0,0.0,0.0,0.0,0.0,0.0,1043.3331699108792,1012.6481413440805,1500.0,1010.0
win,Francisco France,SUB,1,2010-05-15,Francisco France,Lee Brousseau,0.0,0.0,0.0,0.0,0.0,0.0,0.0,0.0,0.0,0.0,0.0,0.0,0.0,0.0,0.0,0.0,1065.3331699108792,1013.6001519828823,1510.0,1100.0
loss,Cung Le,KO/TKO,1,2012-11-10,Rich Franklin,Cung Le,4.055,2.043,0.714,0.6,0.571,0.238,1.0,5.571,0.0,0.0,0.0,0.0,0.0,0.0,0.0,0.0,1234.637939435447,984.0,1660.0,870.0
win,Rich Franklin,DEC,5,2012-06-23,Rich Franklin,Wanderlei Silva,3.953,2.009,0.704,0.4,0.6,0.25,1.0,5.778,1.474,1.934,1.333,0.0,0.0,0.0,1.0,0.0,1008.0,1000.0,1030.0,1000.0
loss,Forrest Griffin,DEC,3,2011-02-05,Rich Franklin,Forrest Griffin,4.093,1.903,0.692,0.6,0.6,0.25,1.0,6.0,0.0,0.0,0.0,0.0,0.0,0.0,0.0,0.0,1000.0,1000.0,1000.0,1000.0
win,Rich Franklin,KO/TKO,1,2010-06-12,Rich Franklin,Chuck Liddell,4.072,1.861,0.72,0.6,0.579,0.263,1.0,6.24,0.0,0.0,0.0,0.0,0.0,0.0,0.0,0.0,1016.0,1000.0,1160.0,1000.0
loss,Vitor Belfort,KO/TKO,1,2009-09-19,Rich Franklin,Vitor Belfort,4.118,1.843,0.75,0.6,0.579,0.263,1.0,6.333,12.558,0.0,0.0,1.0,1.0,0.0,1.0,0.0,984.0,1000.0,1020.0,1000.0
win,Rich Franklin,DEC,3,2009-06-13,Rich Franklin,Wanderlei Silva,4.178,1.78,0.739,0.6,0.611,0.278,1.0,6.609,0.914,1.125,1.5,0.0,0.0,0.0,1.0,0.0,1000.0,1000.0,1060.0,1000.0
loss,Dan Henderson,DEC,3,2009-01-17,Rich Franklin,Dan Henderson,4.335,1.718,0.773,0.8,0.611,0.278,1.0,6.909,0.0,0.0,0.0,0.0,0.0,0.0,0.0,0.0,1217.0932836749657,1000.0,1760.0,1000.0
win,Rich Franklin,KO/TKO,3,2008-09-06,Rich Franklin,Matt Hamill,4.157,1.756,0.81,0.6,0.588,0.294,1.0,7.238,6.899,1.882,1.0,1.0,1.0,0.0,1.0,0.0,1065.3331699108792,1013.6001519828823,1610.0,1200.0
win,Rich Franklin,KO/TKO,2,2008-04-19,Rich Franklin,Travis Lutter,4.198,1.856,0.85,0.6,0.562,0.312,1.0,1.35,0.0,0.0,0.0,0.0,0.0,0.0,0.0,0.0,1000.0,1000.0,1260.0,1000.0
loss,Anderson Silva,KO/TKO,2,2007-10-20,Rich Franklin,Anderson Silva,4.227,1.635,0.842,0.8,0.562,0.312,1.0,1.421,10.391,3.352,0.0,1.0,1.0,0.0,1.0,0.0,1000.0,1000.0,1710.0,1000.0
win,Rich Franklin,DEC,3,2007-06-16,Rich Franklin,Yushin Okami,4.475,1.703,0.833,0.8,0.6,0.333,1.0,1.5,0.0,0.0,0.0,0.0,0.0,0.0,0.0,0.0,1008.0,1000.0,1100.0,1000.0
win,Rich Franklin,KO/TKO,2,2007-03-03,Rich Franklin,Jason MacDonald,4.433,1.713,0.824,0.8,0.571,0.357,1.0,1.588,0.0,0.0,0.0,0.0,0.0,0.0,0.0,0.0,1000.0,1000.0,1120.0,1000.0
loss,Anderson Silva,KO/TKO,1,2006-10-14,Rich Franklin,Anderson Silva,4.466,1.448,0.875,1.0,0.571,0.357,1.0,1.688,0.0,0.0,0.0,0.0,0.0,0.0,0.0,0.0,1000.0,1000.0,1000.0,1000.0
win,Rich Franklin,DEC,5,2006-03-04,Rich Franklin,David Loiseau,4.254,1.657,0.6,1.0,0.615,0.385,1.0,1.8,0.0,0.0,0.0,0.0,0.0,0.0,0.0,0.0,1000.0,1000.0,1000.0,1000.0
win,Rich Franklin,KO/TKO,1,2005-11-19,Rich Franklin,Nate Quarry,4.224,1.661,0.643,1.0,0.583,0.417,1.0,1.214,0.0,0.0,0.0,0.0,0.0,0.0,0.0,0.0,1000.0,1000.0,1000.0,1000.0
win,Rich Franklin,KO/TKO,4,2005-06-04,Rich Franklin,Evan Tanner,3.851,1.77,0.692,1.0,0.545,0.455,1.0,1.308,2.25,6.0,0.0,0.0,0.0,0.0,1.0,0.0,1028.3331699108792,1050.6001519828824,1530.0,1230.0
win,Rich Franklin,KO/TKO,1,2005-04-09,Rich Franklin,Ken Shamrock,3.592,1.868,0.75,0.8,0.5,0.5,1.0,0.0,2.867,4.333,0.0,0.0,0.0,0.0,1.0,0.0,992.0,1000.0,1080.0,1000.0
win,Rich Franklin,KO/TKO,2,2004-12-12,Rich Franklin,Curtis Stout,3.574,1.941,0.545,0.8,0.444,0.556,1.0,0.0,0.0,0.0,0.0,0.0,0.0,0.0,0.0,0.0,1008.0,1000.0,1010.0,1000.0
win,Rich Franklin,SUB,3,2004-10-22,Rich Franklin,Jorge Rivera,3.959,2.16,0.3,0.8,0.5,0.5,1.0,0.0,0.0,0.0,0.0,0.0,0.0,0.0,0.0,0.0,1000.0,1000.0,1710.0,1000.0
win,Rich Franklin,SUB,1,2004-07-14,Rich Franklin,Ralph Dillon,4.343,2.373,0.111,0.8,0.571,0.429,1.0,0.0,0.0,0.0,0.0,0.0,0.0,0.0,0.0,0.0,1000.0,1000.0,1200.0,1000.0
win,Rich Franklin,KO/TKO,1,2004-04-16,Rich Franklin,Leo Sylvest,4.228,2.495,0.125,0.8,0.5,0.5,1.0,0.0,0.0,0.0,0.0,0.0,0.0,0.0,0.0,0.0,1201.896753817718,1000.0,1860.0,1000.0
loss,Lyoto Machida,KO/TKO,2,2003-12-31,Rich Franklin,Lyoto Machida,5.17,1.989,0.143,1.0,0.5,0.5,1.0,0.0,0.0,0.0,0.0,0.0,0.0,0.0,0.0,0.0,1000.0,1000.0,1000.0,1000.0
win,Rich Franklin,KO/TKO,1,2003-09-26,Rich Franklin,Edwin DeWees,3.853,2.212,0.167,0.8,0.4,0.6,1.0,0.0,0.0,0.0,0.0,0.0,0.0,0.0,0.0,0.0,1008.0,1000.0,1220.0,1000.0
win,Rich Franklin,KO/TKO,1,2003-04-25,Rich Franklin,Evan Tanner,3.348,2.203,0.2,0.8,0.25,0.75,1.0,0.0,0.0,0.0,0.0,0.0,0.0,0.0,0.0,0.0,1008.0,1000.0,1210.0,1000.0
win,Rich Franklin,KO/TKO,1,2002-09-17,Rich Franklin,Antony Rea,2.68,1.981,0.25,0.75,0.0,1.0,1.0,0.0,0.0,0.0,0.0,0.0,0.0,0.0,0.0,0.0,1000.0,1000.0,1110.0,1000.0
win,Rich Franklin,SUB,1,2002-06-15,Rich Franklin,Yan Pellerin,3.846,2.885,0.0,0.667,0.0,1.0,1.0,0.0,0.0,0.0,0.0,0.0,0.0,0.0,0.0,0.0,1000.0,1000.0,1000.0,1000.0
win,Rich Franklin,SUB,1,2001-11-03,Rich Franklin,Marvin Eastman,3.84,2.88,0.0,0.5,0.0,1.0,1.0,0.0,0.0,0.0,0.0,0.0,0.0,0.0,0.0,0.0,1008.0,1000.0,1100.0,1000.0
nc,Draw,other,1,2001-01-13,Rich Franklin,Aaron Brink,0.0,0.517,0.0,1.0,0.0,1.0,1.0,0.0,0.0,0.0,0.0,0.0,0.0,0.0,0.0,0.0,1000.0,1000.0,1000.0,1000.0
win,Rich Franklin,SUB,1,2000-06-29,Rich Franklin,Dennis Reed,0.0,0.0,0.0,0.0,0.0,0.0,0.0,0.0,0.0,0.0,0.0,0.0,0.0,0.0,0.0,0.0,1187.7639810504777,992.0,1730.0,880.0
loss,Luana Pinheiro,KO/TKO,1,2020-11-10,Stephanie Frausto,Luana Pinheiro,0.0,0.0,0.0,0.0,0.0,0.0,0.0,0.0,0.0,0.0,0.0,0.0,0.0,0.0,0.0,0.0,992.0,1000.0,1530.0,1000.0
loss,Juan Espino,SUB,1,2018-11-30,Justin Frazier,Juan Espino,0.0,0.0,0.0,0.0,0.0,0.0,0.0,0.0,0.0,0.0,0.0,0.0,0.0,0.0,0.0,0.0,1000.0,1000.0,1000.0,1000.0
draw,Draw,DEC,3,2003-06-06,Ian Freeman,Vernon White,2.592,1.728,0.2,0.6,0.667,0.0,1.0,0.0,0.0,0.0,0.0,0.0,0.0,0.0,0.0,0.0,1000.0,1000.0,1320.0,1000.0
loss,Andrei Arlovski,KO/TKO,1,2002-11-22,Ian Freeman,Andrei Arlovski,2.671,1.336,0.25,0.75,0.667,0.0,1.0,0.0,0.0,0.0,0.0,0.0,0.0,0.0,0.0,0.0,1000.0,1000.0,1090.0,1000.0
win,Ian Freeman,KO/TKO,1,2002-07-13,Ian Freeman,Frank Mir,1.813,1.34,0.333,0.667,0.5,0.0,1.0,0.0,0.0,0.0,0.0,0.0,0.0,0.0,0.0,0.0,1008.0,1000.0,1100.0,1000.0
win,Ian Freeman,DEC,3,2000-09-22,Ian Freeman,Tedd Williams,1.543,0.868,0.5,0.5,1.0,0.0,1.0,0.0,0.0,0.0,0.0,0.0,0.0,0.0,0.0,0.0,1016.0,1000.0,1040.0,1000.0
win,Ian Freeman,KO/TKO,2,2000-06-09,Ian Freeman,Nate Schroeder,0.0,0.0,0.0,0.0,0.0,0.0,1.0,0.0,0.0,0.0,0.0,0.0,0.0,0.0,0.0,0.0,1008.0,1000.0,1010.0,1000.0
loss,Scott Adams,SUB,1,2000-03-10,Ian Freeman,Scott Adams,0.0,0.0,0.0,0.0,0.0,0.0,0.0,0.0,0.0,0.0,0.0,0.0,0.0,0.0,0.0,0.0,1050.6001519828824,1028.3331699108792,1630.0,1330.0
win,Jason Freeman,KO/TKO,1,2011-03-05,Jason Freeman,Jason Riley,0.0,0.0,0.0,0.0,0.0,0.0,0.0,0.0,0.0,0.0,0.0,0.0,0.0,0.0,0.0,0.0,992.0,1000.0,1210.0,1000.0
loss,Satoru Kitaoka,DEC,3,2011-09-24,Willamy Freire,Satoru Kitaoka,1.533,1.0,1.0,0.0,0.0,0.0,1.0,577.0,0.0,0.0,0.0,0.0,0.0,0.0,0.0,0.0,1008.0,1000.0,1100.0,1000.0
loss,Waylon Lowe,DEC,3,2011-01-22,Willamy Freire,Waylon Lowe,0.0,0.0,0.0,0.0,0.0,0.0,0.0,0.0,0.0,0.0,0.0,0.0,0.0,0.0,0.0,0.0,992.0,1000.0,1140.0,1000.0
loss,Ricky Simon,DEC,3,2017-08-08,Donavon Frelow,Ricky Simon,0.0,0.0,0.0,0.0,0.0,0.0,0.0,0.0,0.0,0.0,0.0,0.0,0.0,0.0,0.0,0.0,1000.0,1000.0,860.0,1000.0
loss,Shinya Aoki,SUB,1,2006-11-05,Clay French,Shinya Aoki,0.0,0.0,0.0,0.0,0.0,0.0,0.0,0.0,0.0,0.0,0.0,0.0,0.0,0.0,0.0,0.0,1016.0,1000.0,1020.0,1000.0
loss,Jeff Bedard,DEC,3,2007-06-03,Mike French,Jeff Bedard,0.467,3.6,0.0,0.0,0.0,0.0,1.0,611.0,0.0,0.0,0.0,0.0,0.0,0.0,0.0,0.0,1016.0,985.5834283592001,1200.0,920.0
loss,Antonio Banuelos,DEC,3,2007-01-20,Mike French,Antonio Banuelos,0.0,0.0,0.0,0.0,0.0,0.0,0.0,0.0,0.0,0.0,0.0,0.0,0.0,0.0,0.0,0.0,1000.0,1000.0,1630.0,1000.0
loss,Kyle Nelson,DEC,3,2025-10-18,Matt Frevola,Kyle Nelson,3.286,3.559,1.308,0.6,0.429,0.286,1.0,0.0,0.0,0.0,0.0,0.0,0.0,0.0,0.0,0.0,1008.0,1000.0,1010.0,1000.0
loss,Fares Ziam,KO/TKO,3,2024-09-28,Matt Frevola,Fares Ziam,3.583,3.427,1.333,0.6,0.429,0.286,1.0,0.0,4.0,1.867,3.0,1.0,0.0,0.0,1.0,0.0,1174.0605023769442,1000.0,1680.0,1000.0
loss,Benoit Saint Denis,KO/TKO,1,2023-11-11,Matt Frevola,Benoit Saint Denis,3.588,3.418,1.273,0.6,0.429,0.286,1.0,0.0,0.0,0.0,0.0,0.0,0.0,0.0,0.0,0.0,1000.0,1000.0,1000.0,1000.0
win,Matt Frevola,KO/TKO,1,2023-05-06,Matt Frevola,Drew Dober,3.348,3.348,1.4,0.6,0.333,0.333,1.0,0.0,0.0,0.0,0.0,0.0,0.0,0.0,0.0,0.0,1000.0,992.0,1230.0,1100.0
win,Matt Frevola,KO/TKO,1,2022-11-12,Matt Frevola,Ottman Azaitar,3.316,3.328,1.556,0.6,0.2,0.4,1.0,0.0,0.0,0.0,0.0,0.0,0.0,0.0,0.0,0.0,1000.0,1000.0,1000.0,1000.0
win,Matt Frevola,KO/TKO,1,2022-01-22,Matt Frevola,Genaro Valdez,2.686,3.338,1.75,0.4,0.0,0.5,1.0,0.0,0.0,0.0,0.0,0.0,0.0,0.0,0.0,0.0,1000.0,1000.0,1000.0,1000.0
loss,Terrance McKinney,KO/TKO,1,2021-06-12,Matt Frevola,Terrance McKinney,2.69,3.292,2.0,0.4,0.0,0.5,1.0,0.0,0.0,0.0,0.0,0.0,0.0,0.0,0.0,0.0,984.0,1000.0,1240.0,1000.0
loss,Arman Tsarukyan,DEC,3,2021-01-23,Matt Frevola,Arman Tsarukyan,3.076,3.282,2.333,0.6,0.0,0.5,1.0,0.0,0.0,0.0,0.0,0.0,0.0,0.0,0.0,0.0,1038.0,1000.0,1210.0,1000.0
win,Matt Frevola,DEC,3,2019-10-12,Matt Frevola,Luis Pena,3.037,3.245,2.0,0.6,0.0,0.667,1.0,0.0,0.0,0.0,0.0,0.0,0.0,0.0,0.0,0.0,1000.0,1000.0,1000.0,1000.0
win,Matt Frevola,DEC,3,2019-04-13,Matt Frevola,Jalin Turner,3.478,3.659,1.5,0.5,0.0,1.0,1.0,0.0,0.0,0.0,0.0,0.0,0.0,0.0,0.0,0.0,1016.0,1000.0,1110.0,1000.0
draw,Draw,DEC,3,2018-11-03,Matt Frevola,Lando Vannata,2.712,2.989,1.333,0.667,0.0,1.0,1.0,0.0,5.43,8.959,0.0,0.0,0.0,0.0,1.0,0.0,1028.3331699108792,1000.0,1530.0,1000.0
loss,Marco Polo Reyes,KO/TKO,1,2018-01-14,Matt Frevola,Marco Polo Reyes,2.344,2.109,2.0,1.0,0.0,1.0,1.0,0.0,0.0,0.0,0.0,0.0,0.0,0.0,0.0,0.0,992.0,1000.0,1730.0,1000.0
win,Matt Frevola,SUB,2,2017-08-29,Matt Frevola,Luke Flores,0.0,0.0,0.0,0.0,0.0,0.0,0.0,0.0,0.0,0.0,0.0,0.0,0.0,0.0,0.0,0.0,1161.8762672105581,1000.0,1600.0,1000.0
loss,Frey Viktoriia Dudakova,DEC,3,2023-10-21,Jinh Yu,Frey Viktoriia Dudakova,2.947,4.115,0.857,0.4,0.0,0.0,1.0,0.0,0.0,0.0,0.0,0.0,0.0,0.0,0.0,0.0,1000.0,1000.0,840.0,1000.0
loss,Frey Elise Reed,DEC,3,2023-06-03,Jinh Yu,Frey Elise Reed,3.169,4.234,0.5,0.4,0.0,0.0,1.0,0.0,0.0,0.0,0.0,0.0,0.0,0.0,0.0,0.0,992.0,1008.0,730.0,1100.0
loss,Frey Polyana Viana,KO/TKO,1,2022-11-05,Jinh Yu,Frey Polyana Viana,3.12,4.128,0.6,0.4,0.0,0.0,1.0,0.0,0.0,0.0,0.0,0.0,0.0,0.0,0.0,0.0,1000.0,1000.0,1740.0,1000.0
loss,Frey Vanessa Demopoulos,DEC,3,2022-06-25,Jinh Yu,Frey Vanessa Demopoulos,2.855,4.057,0.75,0.5,0.0,0.0,1.0,0.0,0.0,0.0,0.0,0.0,0.0,0.0,0.0,0.0,1000.0,1032.0,890.0,1210.0
win,Jinh Yu,DEC,3,2021-07-31,Jinh Yu,Frey Ashley Yoder,1.791,3.346,1.0,0.333,0.0,0.0,1.0,0.0,0.0,0.0,0.0,0.0,0.0,0.0,0.0,0.0,1008.0,1000.0,1030.0,1000.0
win,Jinh Yu,DEC,3,2021-03-13,Jinh Yu,Frey Gloria de Paula,1.896,4.046,0.5,0.0,0.0,0.0,1.0,0.0,0.0,0.0,0.0,0.0,0.0,0.0,0.0,0.0,1056.6663398217584,1000.0,1630.0,1000.0
loss,Frey Loma Lookboonmee,DEC,3,2020-10-03,Jinh Yu,Frey Loma Lookboonmee,2.091,2.493,0.0,0.0,0.0,0.0,1.0,0.0,0.0,0.0,0.0,0.0,0.0,0.0,0.0,0.0,992.0,1000.0,1100.0,1000.0
loss,Frey Kay Hansen,SUB,3,2020-06-27,Jinh Yu,Frey Kay Hansen,0.0,0.0,0.0,0.0,0.0,0.0,0.0,0.0,0.0,0.0,0.0,0.0,0.0,0.0,0.0,0.0,1000.0,1000.0,1000.0,1000.0
loss,Gillian Robertson,KO/TKO,2,2019-07-27,Sarah Frota,Gillian Robertson,6.293,2.278,0.0,0.5,1.0,0.0,1.0,110.5,0.0,0.0,0.0,0.0,0.0,0.0,0.0,0.0,1008.0,1000.0,850.0,1000.0
loss,Livinha Souza,DEC,3,2019-02-02,Sarah Frota,Livinha Souza,24.466,5.534,0.0,1.0,1.0,0.0,1.0,0.0,0.0,0.0,0.0,0.0,0.0,0.0,0.0,0.0,1008.0,1000.0,750.0,1000.0
win,Sarah Frota,KO/TKO,1,2018-08-10,Sarah Frota,Maiara Amanajas dos Santos,0.0,0.0,0.0,0.0,0.0,0.0,0.0,0.0,0.0,0.0,0.0,0.0,0.0,0.0,0.0,0.0,1038.0,1000.0,1310.0,1000.0
loss,Charles Radtke,SUB,3,2025-11-01,Daniel Frunza,Charles Radtke,6.296,6.667,0.0,0.5,1.0,0.0,1.0,35.0,0.0,0.0,0.0,0.0,0.0,0.0,0.0,0.0,992.0,1000.0,1560.0,1000.0
loss,Rhys McKee,KO/TKO,1,2025-04-05,Daniel Frunza,Rhys McKee,4.941,5.529,0.0,1.0,1.0,0.0,1.0,0.0,0.0,0.0,0.0,0.0,0.0,0.0,0.0,0.0,977.0,1000.0,990.0,1000.0
win,Daniel Frunza,KO/TKO,2,2024-09-24,Daniel Frunza,Vadym Kutsyi,0.0,0.0,0.0,0.0,0.0,0.0,0.0,0.0,0.0,0.0,0.0,0.0,0.0,0.0,0.0,0.0,1096.6663398217584,1000.0,1650.0,1000.0
loss,James Thompson,KO/TKO,1,2007-04-08,Don Frye,James Thompson,2.98,2.402,0.438,0.4,0.583,0.25,1.0,0.0,0.0,0.0,0.0,0.0,0.0,0.0,0.0,0.0,1150.5449285058191,1000.0,1700.0,1000.0
loss,Gary Goodridge,KO/TKO,1,2003-12-31,Don Frye,Gary Goodridge,2.999,2.378,0.467,0.6,0.583,0.25,1.0,0.0,1.181,2.066,1.0,0.0,0.0,0.0,1.0,0.0,992.0,1000.0,1100.0,1000.0
loss,Mark Coleman,DEC,3,2003-06-08,Don Frye,Mark Coleman,3.3,2.177,0.5,0.8,0.583,0.25,1.0,0.0,2.939,0.086,3.0,1.0,1.0,0.0,1.0,0.0,1008.0,1000.0,1010.0,1000.0
loss,Hidehiko Yoshida,SUB,1,2002-11-24,Don Frye,Hidehiko Yoshida,3.526,2.326,0.538,1.0,0.583,0.25,1.0,0.0,0.0,0.0,0.0,0.0,0.0,0.0,0.0,0.0,1000.0,1000.0,1000.0,1000.0
win,Don Frye,KO/TKO,1,2002-06-23,Don Frye,Yoshihiro Takayama,2.705,1.795,0.583,1.0,0.545,0.273,1.0,0.0,0.0,0.0,0.0,0.0,0.0,0.0,0.0,0.0,1000.0,1000.0,1000.0,1000.0
win,Don Frye,DEC,3,2002-02-24,Don Frye,Ken Shamrock,2.296,1.525,0.636,0.8,0.6,0.3,1.0,0.0,0.0,0.0,0.0,0.0,0.0,0.0,0.0,0.0,1000.0,1008.0,930.0,1100.0
win,Don Frye,other,1,2001-09-24,Don Frye,Gilbert Yvel,2.432,1.513,0.4,0.8,0.667,0.333,1.0,0.0,0.0,0.0,0.0,0.0,0.0,0.0,0.0,0.0,1016.0,1000.0,860.0,1000.0
win,Don Frye,SUB,1,1996-12-07,Don Frye,David Abbott,2.679,1.327,0.571,0.8,1.0,0.0,1.0,0.0,2.625,7.5,0.0,0.0,0.0,0.0,1.0,0.0,1065.0,1000.0,1410.0,1000.0
win,Don Frye,SUB,1,1996-12-07,Don Frye,Mark Hall,2.679,1.327,0.571,0.8,1.0,0.0,1.0,0.0,0.193,2.609,0.0,0.0,0.0,0.0,1.0,0.0,1164.6663398217584,1011.903891062354,1750.0,1030.0
win,Don Frye,SUB,1,1996-12-07,Don Frye,Gary Goodridge,2.679,1.327,0.571,0.8,1.0,0.0,1.0,0.0,0.896,5.373,1.0,0.0,0.0,0.0,1.0,0.0,1016.0,1000.0,1110.0,1000.0
loss,Mark Coleman,KO/TKO,1,1996-07-12,Don Frye,Mark Coleman,5.211,0.395,0.5,1.0,1.0,0.0,1.0,0.0,0.0,0.0,0.0,0.0,0.0,0.0,0.0,0.0,1000.0,1000.0,1660.0,1000.0
win,Don Frye,KO/TKO,1,1996-07-12,Don Frye,Brian Johnston,5.211,0.395,0.5,1.0,1.0,0.0,1.0,0.0,0.0,0.0,0.0,0.0,0.0,0.0,0.0,0.0,1000.0,1000.0,780.0,1000.0
win,Don Frye,KO/TKO,1,1996-07-12,Don Frye,Mark Hall,5.211,0.395,0.5,1.0,1.0,0.0,1.0,0.0,0.0,0.0,0.0,0.0,0.0,0.0,0.0,0.0,1000.0,1000.0,1110.0,1000.0
win,Don Frye,KO/TKO,1,1996-05-17,Don Frye,Amaury Bitetti,6.316,0.947,0.333,1.0,1.0,0.0,1.0,0.0,0.0,0.0,0.0,0.0,0.0,0.0,0.0,0.0,1008.0,1000.0,1020.0,1000.0
win,Don Frye,KO/TKO,1,1996-02-16,Don Frye,Gary Goodridge,0.0,0.0,0.0,0.0,0.0,0.0,0.0,0.0,0.0,0.0,0.0,0.0,0.0,0.0,0.0,0.0,1008.0,1000.0,1020.0,1000.0
win,Don Frye,KO/TKO,1,1996-02-16,Don Frye,Sam Adkins,0.0,0.0,0.0,0.0,0.0,0.0,0.0,0.0,0.0,0.0,0.0,0.0,0.0,0.0,0.0,0.0,1000.0,1000.0,1130.0,1000.0
win,Don Frye,KO/TKO,1,1996-02-16,Don Frye,Thomas Ramirez,0.0,0.0,0.0,0.0,0.0,0.0,0.0,0.0,0.0,0.0,0.0,0.0,0.0,0.0,0.0,0.0,1000.0,1000.0,850.0,1000.0
loss,Jr. Guilherme Pat,DEC,3,2025-12-13,Allen Frye,Jr. Guilherme Pat,0.0,0.0,0.0,0.0,0.0,0.0,0.0,0.0,0.0,0.0,0.0,0.0,0.0,0.0,0.0,0.0,1153.9729684086,1000.0,1850.0,1000.0
loss,Brad Tavares,DEC,3,2013-03-02,Riki Fukuda,Brad Tavares,4.471,3.114,2.4,0.6,0.0,0.0,1.0,83.6,0.0,0.0,0.0,0.0,0.0,0.0,0.0,0.0,1000.0,1000.0,1010.0,1000.0
win,Riki Fukuda,DEC,3,2012-11-10,Riki Fukuda,Tom DeBlass,4.145,3.164,2.25,0.5,0.0,0.0,1.0,0.0,0.0,0.0,0.0,0.0,0.0,0.0,0.0,0.0,1008.0,1000.0,800.0,1000.0
loss,Constantinos Philippou,DEC,3,2012-07-07,Riki Fukuda,Constantinos Philippou,4.6,3.3,3.0,0.667,0.0,0.0,1.0,0.0,0.0,0.0,0.0,0.0,0.0,0.0,0.0,0.0,1000.0,1000.0,1120.0,1000.0
win,Riki Fukuda,DEC,3,2012-02-25,Riki Fukuda,Steve Cantwell,2.4,3.4,3.0,0.5,0.0,0.0,1.0,0.0,0.0,0.0,0.0,0.0,0.0,0.0,0.0,0.0,992.0,1000.0,1540.0,1000.0
loss,Nick Ring,DEC,3,2011-02-26,Riki Fukuda,Nick Ring,3.2,4.4,0.0,1.0,0.0,0.0,1.0,0.0,0.0,0.0,0.0,0.0,0.0,0.0,0.0,0.0,1111.0,1000.0,1510.0,1000.0
win,Riki Fukuda,DEC,2,2009-04-05,Riki Fukuda,Murilo Rua,0.0,0.0,0.0,0.0,0.0,0.0,0.0,0.0,0.0,0.0,0.0,0.0,0.0,0.0,0.0,0.0,1008.0,1000.0,1210.0,1000.0
loss,Dan Severn,DEC,3,2001-06-30,Travis Fulton,Dan Severn,1.883,0.911,0.5,0.5,0.0,0.0,1.0,0.0,0.0,0.0,0.0,0.0,0.0,0.0,0.0,0.0,1000.0,1000.0,1000.0,1000.0
win,Travis Fulton,DEC,2,1999-07-16,Travis Fulton,David Dodd,0.928,2.32,0.0,0.0,0.0,0.0,1.0,0.0,0.0,0.0,0.0,0.0,0.0,0.0,0.0,0.0,1000.0,1000.0,1000.0,1000.0
loss,Pete Williams,SUB,1,1999-05-07,Travis Fulton,Pete Williams,0.0,0.0,0.0,0.0,0.0,0.0,0.0,0.0,0.0,0.0,0.0,0.0,0.0,0.0,0.0,0.0,1143.194860619998,1000.0,1720.0,1000.0
loss,Alex Hunter,SUB,1,1997-07-27,Sam Fulton,Alex Hunter,0.0,0.0,0.0,0.0,0.0,0.0,1.0,0.0,0.0,0.0,0.0,0.0,0.0,0.0,0.0,0.0,992.0,1000.0,830.0,1000.0
loss,Scott Ferrozzo,SUB,1,1996-09-20,Sam Fulton,Scott Ferrozzo,0.0,0.0,0.0,0.0,0.0,0.0,0.0,0.0,0.994,0.773,2.0,0.0,0.0,0.0,1.0,0.0,1000.0,1000.0,840.0,1000.0
win,Masakatsu Funaki,SUB,1,2008-09-23,Masakatsu Funaki,Ikuhisa Minowa,1.9,3.258,0.0,0.0,0.0,0.0,1.0,0.0,2.571,10.286,0.0,0.0,0.0,0.0,1.0,0.0,1016.0,1000.0,810.0,1000.0
loss,Kiyoshi Tamura,KO/TKO,1,2008-04-29,Masakatsu Funaki,Kiyoshi Tamura,0.623,1.403,0.0,0.0,0.0,0.0,1.0,0.0,0.0,0.0,0.0,0.0,0.0,0.0,0.0,0.0,1000.0,1000.0,1000.0,1000.0
loss,Kazushi Sakuraba,SUB,1,2007-12-31,Masakatsu Funaki,Kazushi Sakuraba,0.0,0.0,0.0,0.0,0.0,0.0,0.0,0.0,0.3,1.9,2.0,0.0,0.0,0.0,1.0,0.0,1153.2185008633978,1000.0,1820.0,1000.0
loss,Dan Miller,SUB,3,2012-06-22,Ricardo Funch,Dan Miller,0.993,3.151,0.333,0.0,0.0,0.0,1.0,231.333,0.0,0.0,0.0,0.0,0.0,0.0,0.0,0.0,1008.0,1000.0,1010.0,1000.0
loss,Mike Pyle,KO/TKO,1,2012-01-14,Ricardo Funch,Mike Pyle,0.963,2.844,0.5,0.0,0.0,0.0,1.0,347.0,0.0,0.0,0.0,0.0,0.0,0.0,0.0,0.0,1032.0,992.0,910.0,820.0
loss,Claude Patrick,SUB,2,2010-06-12,Ricardo Funch,Claude Patrick,1.067,3.267,1.0,0.0,0.0,0.0,1.0,595.0,0.0,0.0,0.0,0.0,0.0,0.0,0.0,0.0,1000.0,1000.0,1640.0,1000.0
loss,Johny Hendricks,DEC,3,2009-12-12,Ricardo Funch,Johny Hendricks,0.0,0.0,0.0,0.0,0.0,0.0,0.0,0.0,0.0,0.0,0.0,0.0,0.0,0.0,0.0,0.0,1000.0,1000.0,1000.0,1000.0
loss,Andy Ologun,DEC,3,2010-12-31,Katsuaki Furuki,Andy Ologun,0.0,0.0,0.0,0.0,0.0,0.0,0.0,0.0,0.0,0.0,0.0,0.0,0.0,0.0,0.0,0.0,954.0,987.408008,870.0,980.0
