W/L,winner,Date,Fighter,Opponent,f_SLpM,f_SApM,f_TD_pct,f_W_pct,f_KO_pct,f_Sub_pct,f_Finish_pct,o_SLpM,o_SApM,o_TD_pct,o_W_pct,o_KO_pct,o_Sub_pct,o_Finish_pct,f_ELO,o_ELO
win,Ben Earwood,2000-11-17,Ben Earwood,Chris Lytle,0.0,0.0,0.0,0.0,0.0,0.0,0.0,0.0,0.0,0.0,0.0,0.0,0.0,0.0,1000.0,1000.0
loss,Curtis Blaydes,2016-10-01,Cody East,Curtis Blaydes,6.047,7.209,0.0,0.0,0.0,0.0,1.0,0.0,0.0,0.0,0.0,0.0,0.0,0.0,1000.0,1000.0
loss,Walt Harris,2016-04-23,Cody East,Walt Harris,0.0,0.0,0.0,0.0,0.0,0.0,0.0,0.0,0.0,0.0,0.0,0.0,0.0,0.0,1008.0,1000.0
loss,Drew McFedries,2008-06-21,Marvin Eastman,Drew McFedries,1.273,2.01,0.25,0.2,0.667,0.0,1.0,0.0,0.0,0.0,0.0,0.0,0.0,0.0,1000.0,1000.0
win,Marvin Eastman,2008-02-02,Marvin Eastman,Terry Martin,0.739,1.504,0.143,0.2,1.0,0.0,1.0,0.0,0.0,0.0,0.0,0.0,0.0,0.0,1000.0,1000.0
loss,Quinton Jackson,2007-02-03,Marvin Eastman,Quinton Jackson,0.461,0.461,0.167,0.4,1.0,0.0,1.0,0.0,0.0,0.0,0.0,0.0,0.0,0.0,1000.0,1000.0
draw,Draw,2006-07-22,Marvin Eastman,Jorge Oliveira,0.909,0.909,0.2,0.4,1.0,0.0,1.0,0.0,0.0,0.0,0.0,0.0,0.0,0.0,1000.0,1000.0
loss,Travis Lutter,2004-10-22,Marvin Eastman,Travis Lutter,0.406,1.32,0.25,0.5,1.0,0.0,1.0,0.0,0.0,0.0,0.0,0.0,0.0,0.0,1008.0,1000.0
loss,Vitor Belfort,2003-06-06,Marvin Eastman,Vitor Belfort,0.344,0.458,0.333,0.667,1.0,0.0,1.0,0.0,0.0,0.0,0.0,0.0,0.0,0.0,992.0,1000.0
win,Marvin Eastman,2002-11-23,Marvin Eastman,Alex Stiebling,0.394,0.525,0.5,0.5,1.0,0.0,1.0,0.0,0.0,0.0,0.0,0.0,0.0,0.0,984.0,1000.0
win,Marvin Eastman,2002-07-05,Marvin Eastman,Tom Sauer,2.903,3.871,1.0,0.0,0.0,0.0,1.0,0.0,0.0,0.0,0.0,0.0,0.0,0.0,1000.0,1000.0
loss,Rich Franklin,2001-11-03,Marvin Eastman,Rich Franklin,0.0,0.0,0.0,0.0,0.0,0.0,0.0,0.0,0.0,0.0,0.0,0.0,0.0,0.0,992.0,1000.0
loss,Yves Jabouin,2014-06-14,Mike Easton,Yves Jabouin,3.641,4.324,0.833,0.4,0.333,0.0,1.0,0.0,0.0,0.0,0.0,0.0,0.0,0.0,1000.0,1000.0
loss,TJ Dillashaw,2014-01-15,Mike Easton,TJ Dillashaw,3.764,3.578,1.0,0.6,0.333,0.0,1.0,0.0,0.0,0.0,0.0,0.0,0.0,0.0,1008.0,1008.0
loss,Brad Pickett,2013-04-06,Mike Easton,Brad Pickett,3.499,3.317,0.5,0.75,0.333,0.0,1.0,0.0,0.0,0.0,0.0,0.0,0.0,0.0,1000.0,1000.0
loss,Raphael Assuncao,2012-12-08,Mike Easton,Raphael Assuncao,4.064,3.135,0.667,1.0,0.333,0.0,1.0,3.533,1.867,3.0,1.0,0.0,0.0,1.0,1016.064,1000.0
win,Mike Easton,2012-07-07,Mike Easton,Ivan Menjivar,4.665,3.418,0.5,1.0,0.5,0.0,1.0,0.0,0.0,0.0,0.0,0.0,0.0,0.0,1008.0,1000.0
win,Mike Easton,2012-01-20,Mike Easton,Jared Papazian,3.142,1.723,0.0,1.0,1.0,0.0,1.0,0.0,0.0,0.0,0.0,0.0,0.0,0.0,1008.0,1000.0
win,Mike Easton,2011-10-01,Mike Easton,Byron Bloodworth,0.0,0.0,0.0,0.0,0.0,0.0,0.0,0.0,0.0,0.0,0.0,0.0,0.0,0.0,1032.128,1000.0
loss,Cole Escovedo,2009-11-06,Maurice Eazel,Cole Escovedo,0.0,0.0,0.0,0.0,0.0,0.0,0.0,1.32,2.92,0.0,0.0,0.0,0.0,1.0,1055.128,992.0
loss,Tatsuya Kawajiri,2009-03-08,Ross Ebanez,Tatsuya Kawajiri,0.0,0.0,0.0,0.0,0.0,0.0,0.0,0.0,0.0,0.0,0.0,0.0,0.0,0.0,1000.0,1000.0
loss,Omari Akhmedov,2015-06-06,Brian Ebersole,Omari Akhmedov,2.412,2.101,1.625,0.6,0.167,0.0,1.0,0.0,0.0,0.0,0.0,0.0,0.0,0.0,1016.0,1000.0
win,Brian Ebersole,2014-09-27,Brian Ebersole,John Howard,2.276,1.99,1.714,0.6,0.2,0.0,1.0,1.377,3.077,0.0,0.0,0.0,0.0,1.0,1100.128,1000.0
loss,Rick Story,2013-11-16,Brian Ebersole,Rick Story,2.177,1.472,2.0,0.8,0.2,0.0,1.0,0.0,0.0,0.0,0.0,0.0,0.0,0.0,1032.0,1000.0
loss,James Head,2012-07-21,Brian Ebersole,James Head,2.141,1.241,2.2,1.0,0.2,0.0,1.0,0.0,0.0,0.0,0.0,0.0,0.0,0.0,1055.0,1000.0
win,Brian Ebersole,2012-06-22,Brian Ebersole,TJ Waldburger,2.001,1.253,2.25,1.0,0.25,0.0,1.0,0.0,0.0,0.0,0.0,0.0,0.0,0.0,1107.1369599999998,1000.0
win,Brian Ebersole,2011-12-10,Brian Ebersole,Claude Patrick,2.205,0.986,2.333,1.0,0.333,0.0,1.0,0.0,0.0,0.0,0.0,0.0,0.0,0.0,1008.0,1000.0
win,Brian Ebersole,2011-08-06,Brian Ebersole,Dennis Hallman,1.9,1.133,3.5,1.0,0.0,0.0,1.0,0.0,0.0,0.0,0.0,0.0,0.0,0.0,1000.0,1000.0
win,Brian Ebersole,2011-02-26,Brian Ebersole,Chris Lytle,1.667,0.667,3.0,1.0,0.0,0.0,1.0,0.2,0.5,0.0,0.0,0.0,0.0,1.0,1008.0,1000.0
win,Brian Ebersole,2006-03-10,Brian Ebersole,Matt Horwich,0.0,0.0,0.0,0.0,0.0,0.0,0.0,0.0,0.0,0.0,0.0,0.0,0.0,0.0,1016.0,1000.0
loss,Jafel Filho,2022-09-20,Roybert Echeverria,Jafel Filho,0.0,0.0,0.0,0.0,0.0,0.0,0.0,0.0,0.0,0.0,0.0,0.0,0.0,0.0,1114.6365471999998,1000.0
loss,Dan Hooker,2016-03-19,Mark Eddiva,Dan Hooker,3.386,2.96,1.333,0.333,0.0,0.0,1.0,3.364,0.28,0.0,1.0,1.0,0.0,1.0,1122.6611055039998,983.936
loss,Levan Makashvili,2015-05-16,Mark Eddiva,Levan Makashvili,4.142,3.66,2.0,0.5,0.0,0.0,1.0,0.0,0.0,0.0,0.0,0.0,0.0,0.0,1122.6611055039998,1000.0
loss,Edimilson Souza,2014-05-31,Mark Eddiva,Edimilson Souza,3.267,0.8,4.0,1.0,0.0,0.0,1.0,0.0,0.0,0.0,0.0,0.0,0.0,0.0,1016.0,1000.0
win,Mark Eddiva,2014-03-01,Mark Eddiva,Jumabieke Tuerxun,0.0,0.0,0.0,0.0,0.0,0.0,0.0,0.0,0.0,0.0,0.0,0.0,0.0,0.0,1000.0,1000.0
loss,Chris Gutierrez,2022-11-12,Frankie Edgar,Chris Gutierrez,3.786,2.812,2.517,0.2,0.278,0.111,1.0,4.6,3.933,1.0,1.0,0.0,0.0,1.0,1000.0,1000.0
loss,Marlon Vera,2021-11-06,Frankie Edgar,Marlon Vera,3.696,2.705,2.5,0.4,0.278,0.111,1.0,6.023,3.764,0.0,1.0,1.0,0.0,1.0,1094.0,1000.0
loss,Cory Sandhagen,2021-02-06,Frankie Edgar,Cory Sandhagen,3.695,2.704,2.593,0.4,0.278,0.111,1.0,0.0,0.0,0.0,0.0,0.0,0.0,0.0,1000.0,1000.0
win,Frankie Edgar,2020-08-22,Frankie Edgar,Pedro Munhoz,3.598,2.478,2.615,0.4,0.294,0.118,1.0,0.0,0.0,0.0,0.0,0.0,0.0,0.0,1000.0,1000.0
loss,Chan Sung Jung,2019-12-21,Frankie Edgar,Chan Sung Jung,3.604,2.39,2.72,0.6,0.294,0.118,1.0,0.0,0.0,0.0,0.0,0.0,0.0,0.0,1131.2473828892798,983.936
loss,Max Holloway,2019-07-27,Frankie Edgar,Max Holloway,3.59,2.221,2.792,0.6,0.294,0.118,1.0,0.0,0.0,0.0,0.0,0.0,0.0,0.0,1008.0,1000.0
win,Frankie Edgar,2018-04-21,Frankie Edgar,Cub Swanson,3.579,2.183,2.913,0.6,0.312,0.125,1.0,1.243,3.73,0.0,0.0,0.0,0.0,1.0,1016.0,1000.0
loss,Brian Ortega,2018-03-03,Frankie Edgar,Brian Ortega,3.553,2.145,3.045,0.8,0.312,0.125,1.0,0.0,0.0,0.0,0.0,0.0,0.0,0.0,1141.5591796915294,1000.0
win,Frankie Edgar,2017-05-13,Frankie Edgar,Yair Rodriguez,3.457,2.16,3.143,0.8,0.267,0.133,1.0,0.0,0.0,0.0,0.0,0.0,0.0,0.0,1008.0,1000.0
win,Frankie Edgar,2016-11-12,Frankie Edgar,Jeremy Stephens,3.489,2.158,3.05,0.8,0.286,0.143,1.0,2.66,1.714,0.5,0.5,0.0,0.0,1.0,1160.0,1000.0
loss,Jose Aldo,2016-07-09,Frankie Edgar,Jose Aldo,3.514,2.081,3.211,1.0,0.286,0.143,1.0,3.04,2.4,0.0,1.0,0.0,0.0,1.0,1000.0,1000.0
win,Frankie Edgar,2015-12-11,Frankie Edgar,Chad Mendes,3.501,2.081,3.389,0.8,0.231,0.154,1.0,6.176,1.765,0.0,1.0,1.0,0.0,1.0,1151.4683222699364,1016.0
win,Frankie Edgar,2015-05-16,Frankie Edgar,Urijah Faber,3.515,2.094,3.294,0.6,0.25,0.167,1.0,3.7,0.9,1.0,1.0,1.0,0.0,1.0,1171.2,1000.0
win,Frankie Edgar,2014-11-22,Frankie Edgar,Cub Swanson,3.497,2.169,3.062,0.4,0.273,0.091,1.0,0.0,0.0,0.0,0.0,0.0,0.0,0.0,1032.0,1000.0
win,Frankie Edgar,2014-07-06,Frankie Edgar,BJ Penn,3.349,2.235,3.067,0.4,0.2,0.1,1.0,2.14,3.1,1.0,0.0,0.0,0.0,1.0,1160.9511048288318,1000.0
win,Frankie Edgar,2013-07-06,Frankie Edgar,Charles Oliveira,3.229,2.217,3.143,0.2,0.222,0.111,1.0,2.901,0.992,1.0,1.0,0.0,1.0,1.0,1016.0,1000.0
loss,Jose Aldo,2013-02-02,Frankie Edgar,Jose Aldo,3.318,2.128,3.231,0.4,0.222,0.111,1.0,0.0,0.0,0.0,0.0,0.0,0.0,0.0,1008.0,1000.0
loss,Benson Henderson,2012-08-11,Frankie Edgar,Benson Henderson,3.4,2.076,3.333,0.6,0.222,0.111,1.0,3.48,2.72,1.0,1.0,0.0,0.0,1.0,992.0,1000.0
loss,Benson Henderson,2012-02-25,Frankie Edgar,Benson Henderson,3.494,1.882,3.182,0.8,0.222,0.111,1.0,0.0,0.0,0.0,0.0,0.0,0.0,0.0,1000.0,1000.0
win,Frankie Edgar,2011-10-08,Frankie Edgar,Gray Maynard,3.525,1.843,3.5,0.8,0.125,0.125,1.0,2.41,2.716,4.667,0.333,0.0,0.0,1.0,1159.2160000000001,1000.0
draw,Draw,2011-01-01,Frankie Edgar,Gray Maynard,3.475,1.661,3.556,1.0,0.125,0.125,1.0,1.889,1.404,5.5,0.5,0.0,0.0,1.0,1000.0,1000.0
win,Frankie Edgar,2010-08-28,Frankie Edgar,BJ Penn,3.412,1.71,3.625,0.8,0.143,0.143,1.0,2.84,2.44,0.0,0.0,0.0,0.0,1.0,1000.0,1000.0
win,Frankie Edgar,2010-04-10,Frankie Edgar,BJ Penn,3.691,1.387,4.0,0.8,0.167,0.167,1.0,0.0,0.0,0.0,0.0,0.0,0.0,0.0,1148.0708800000002,1000.0
win,Frankie Edgar,2009-12-05,Frankie Edgar,Matt Veach,3.716,1.426,4.667,0.8,0.2,0.0,1.0,0.0,0.0,0.0,0.0,0.0,0.0,0.0,1055.0,1000.0
win,Frankie Edgar,2009-05-23,Frankie Edgar,Sean Sherk,3.435,1.34,5.4,0.8,0.25,0.0,1.0,0.0,0.0,0.0,0.0,0.0,0.0,0.0,1032.0,1000.0
win,Frankie Edgar,2008-07-19,Frankie Edgar,Hermes Franca,3.085,1.382,4.25,0.75,0.333,0.0,1.0,0.533,1.4,4.0,0.0,0.0,0.0,1.0,1000.0,1000.0
loss,Gray Maynard,2008-04-02,Frankie Edgar,Gray Maynard,3.666,1.432,5.333,1.0,0.333,0.0,1.0,3.54,0.531,2.0,0.0,0.0,0.0,1.0,1094.0,1000.0
win,Frankie Edgar,2007-11-17,Frankie Edgar,Spencer Fisher,4.318,2.209,4.0,1.0,0.5,0.0,1.0,0.0,0.0,0.0,0.0,0.0,0.0,0.0,1158.4358416000002,1000.0
win,Frankie Edgar,2007-07-07,Frankie Edgar,Mark Bocek,3.667,2.533,8.0,1.0,0.0,0.0,1.0,0.0,0.0,0.0,0.0,0.0,0.0,0.0,992.0,1000.0
win,Frankie Edgar,2007-02-03,Frankie Edgar,Tyson Griffin,0.0,0.0,0.0,0.0,0.0,0.0,0.0,0.0,0.0,0.0,0.0,0.0,0.0,0.0,1000.0,1000.0
win,Abdul-Kerim Edilov,2017-09-02,Abdul-Kerim Edilov,Bojan Mihajlovic,0.0,0.0,0.0,0.0,0.0,0.0,0.0,0.0,0.0,0.0,0.0,0.0,0.0,0.0,992.0,1000.0
loss,Alejandro Perez,2021-10-02,Johnny Eduardo,Alejandro Perez,2.887,3.337,0.0,0.4,0.667,0.0,1.0,11.803,0.0,0.0,1.0,1.0,0.0,1.0,1000.0,1000.0
loss,Nathaniel Wood,2018-06-01,Johnny Eduardo,Nathaniel Wood,2.584,3.173,0.0,0.6,0.667,0.0,1.0,0.0,0.0,0.0,0.0,0.0,0.0,0.0,1009.0,1000.0
loss,Matthew Lopez,2017-06-03,Johnny Eduardo,Matthew Lopez,2.415,2.496,0.0,0.6,0.667,0.0,1.0,0.0,0.0,0.0,0.0,0.0,0.0,0.0,1160.0,1000.0
win,Johnny Eduardo,2016-11-19,Johnny Eduardo,Manvel Gamburyan,2.14,2.573,0.0,0.5,0.5,0.0,1.0,0.0,15.0,0.0,0.0,0.0,0.0,1.0,984.0,1000.0
loss,Aljamain Sterling,2015-12-10,Johnny Eduardo,Aljamain Sterling,2.6,2.6,0.0,0.667,0.5,0.0,1.0,0.0,0.0,0.0,0.0,0.0,0.0,0.0,1172.21768216685,992.5004128
win,Johnny Eduardo,2014-05-10,Johnny Eduardo,Eddie Wineland,2.633,2.8,0.0,0.5,0.0,0.0,1.0,0.0,0.0,0.0,0.0,0.0,0.0,0.0,992.0,1000.0
win,Johnny Eduardo,2012-05-15,Johnny Eduardo,Jeff Curran,1.867,3.533,0.0,0.0,0.0,0.0,1.0,0.0,0.0,0.0,0.0,0.0,0.0,0.0,1018.0,1016.0
loss,Raphael Assuncao,2011-08-27,Johnny Eduardo,Raphael Assuncao,0.0,0.0,0.0,0.0,0.0,0.0,0.0,0.0,0.0,0.0,0.0,0.0,0.0,0.0,1184.7978910225295,1000.0
loss,Akbarh Arreola,2014-11-22,Yves Edwards,Akbarh Arreola,3.022,2.401,0.519,0.2,0.429,0.214,1.0,0.0,0.0,0.0,0.0,0.0,0.0,0.0,1171.2,1000.0
loss,Piotr Hallmann,2014-06-07,Yves Edwards,Piotr Hallmann,3.065,2.298,0.5,0.2,0.429,0.214,1.0,0.0,0.0,0.0,0.0,0.0,0.0,0.0,992.0,1000.0
nc,Draw,2013-11-06,Yves Edwards,Yancy Medeiros,3.023,2.223,0.52,0.4,0.429,0.214,1.0,0.0,0.0,0.0,0.0,0.0,0.0,0.0,1000.0,1000.0
loss,Daron Cruickshank,2013-07-27,Yves Edwards,Daron Cruickshank,3.011,2.177,0.542,0.4,0.429,0.214,1.0,0.0,0.0,0.0,0.0,0.0,0.0,0.0,1000.0,1000.0
loss,Isaac Vallie-Flagg,2013-02-02,Yves Edwards,Isaac Vallie-Flagg,2.952,1.977,0.522,0.6,0.429,0.214,1.0,0.0,0.0,0.0,0.0,0.0,0.0,0.0,1000.0,988.7334226619818
win,Yves Edwards,2012-12-08,Yves Edwards,Jeremy Stephens,2.941,1.972,0.545,0.6,0.385,0.231,1.0,0.0,0.0,0.0,0.0,0.0,0.0,0.0,1197.7337433941066,1000.0
loss,Tony Ferguson,2011-12-03,Yves Edwards,Tony Ferguson,2.937,1.815,0.571,0.6,0.385,0.231,1.0,0.0,0.0,0.0,0.0,0.0,0.0,0.0,1000.0,1000.0
win,Yves Edwards,2011-10-01,Yves Edwards,Rafaello Oliveira,2.837,1.774,0.6,0.4,0.333,0.25,1.0,0.0,0.0,0.0,0.0,0.0,0.0,0.0,1000.0,1000.0
loss,Sam Stout,2011-06-11,Yves Edwards,Sam Stout,2.821,1.741,0.579,0.6,0.333,0.25,1.0,2.933,2.967,0.5,0.5,0.0,0.0,1.0,1000.0,1000.0
win,Yves Edwards,2011-01-22,Yves Edwards,Cody McKenzie,2.787,1.745,0.611,0.4,0.364,0.182,1.0,0.0,0.0,0.0,0.0,0.0,0.0,0.0,1183.184,1000.0
win,Yves Edwards,2010-09-15,Yves Edwards,John Gunderson,2.713,1.813,0.588,0.4,0.4,0.2,1.0,0.0,0.0,0.0,0.0,0.0,0.0,0.0,1008.0,1000.0
loss,Duane Ludwig,2008-11-21,Yves Edwards,Duane Ludwig,2.885,1.673,0.312,0.4,0.4,0.2,1.0,0.0,0.0,0.0,0.0,0.0,0.0,0.0,1008.0,1000.0
loss,KJ Noons,2008-06-14,Yves Edwards,KJ Noons,2.873,1.622,0.333,0.4,0.4,0.2,1.0,0.0,0.0,0.0,0.0,0.0,0.0,0.0,1000.0,1000.0
win,Yves Edwards,2008-02-16,Yves Edwards,Edson Berto,2.812,1.629,0.357,0.4,0.333,0.222,1.0,0.0,0.0,0.0,0.0,0.0,0.0,0.0,1008.0,1000.0
loss,Joe Stevenson,2006-07-08,Yves Edwards,Joe Stevenson,2.888,1.541,0.385,0.6,0.333,0.222,1.0,0.0,0.0,0.0,0.0,0.0,0.0,0.0,1000.0,1000.0
win,Yves Edwards,2006-04-02,Yves Edwards,Seichi Ikemoto,2.636,1.334,0.417,0.6,0.375,0.25,1.0,0.0,0.0,0.0,0.0,0.0,0.0,0.0,1016.0,1000.0
loss,Mark Hominick,2006-03-04,Yves Edwards,Mark Hominick,2.62,1.224,0.364,0.8,0.375,0.25,1.0,0.0,0.0,0.0,0.0,0.0,0.0,0.0,1183.184,1000.0
loss,Joachim Hansen,2005-09-25,Yves Edwards,Joachim Hansen,2.566,1.18,0.2,1.0,0.375,0.25,1.0,0.0,0.0,0.0,0.0,0.0,0.0,0.0,992.0,992.0
win,Yves Edwards,2005-05-22,Yves Edwards,Dokonjonosuke Mishima,2.642,1.204,0.222,1.0,0.429,0.143,1.0,0.0,0.0,0.0,0.0,0.0,0.0,0.0,1211.575105431694,1000.0
win,Yves Edwards,2004-08-21,Yves Edwards,Josh Thomson,2.601,1.126,0.25,1.0,0.333,0.167,1.0,0.0,0.0,0.0,0.0,0.0,0.0,0.0,1000.0,1000.0
win,Yves Edwards,2004-04-02,Yves Edwards,Hermes Franca,2.819,1.234,0.286,1.0,0.4,0.2,1.0,0.0,0.0,0.0,0.0,0.0,0.0,0.0,1000.0,1000.0
win,Yves Edwards,2004-01-16,Yves Edwards,Deshaun Johnson,1.966,1.005,0.167,0.8,0.5,0.25,1.0,0.0,0.0,0.0,0.0,0.0,0.0,0.0,984.0,1000.0
win,Yves Edwards,2003-11-21,Yves Edwards,Nick Agallar,1.655,1.042,0.2,0.6,0.333,0.333,1.0,0.0,0.0,0.0,0.0,0.0,0.0,0.0,1000.0,1000.0
win,Yves Edwards,2003-06-06,Yves Edwards,Eddie Ruiz,1.739,1.321,0.25,0.5,0.5,0.5,1.0,0.0,0.0,0.0,0.0,0.0,0.0,0.0,1147.3453326880003,1000.0
win,Yves Edwards,2003-02-28,Yves Edwards,Rich Clementi,0.894,0.926,0.333,0.333,1.0,0.0,1.0,0.0,0.0,0.0,0.0,0.0,0.0,0.0,1000.0,1000.0
win,Yves Edwards,2002-06-22,Yves Edwards,Joao Pierini,0.733,0.933,0.5,0.0,0.0,0.0,1.0,0.0,0.0,0.0,0.0,0.0,0.0,0.0,1016.0,1000.0
loss,Caol Uno,2002-05-10,Yves Edwards,Caol Uno,0.6,0.6,0.0,0.0,0.0,0.0,1.0,0.0,0.0,0.0,0.0,0.0,0.0,0.0,1032.0,1000.0
loss,Matt Serra,2001-09-28,Yves Edwards,Matt Serra,0.0,0.0,0.0,0.0,0.0,0.0,0.0,0.0,0.0,0.0,0.0,0.0,0.0,0.0,1000.0,992.0
loss,Joe Proctor,2015-06-06,Justin Edwards,Joe Proctor,2.318,3.042,1.5,0.4,0.0,0.5,1.0,0.0,0.0,0.0,0.0,0.0,0.0,0.0,1157.6595059761603,1000.0
loss,Ramsey Nijem,2014-01-15,Justin Edwards,Ramsey Nijem,2.525,3.034,1.8,0.4,0.0,0.5,1.0,0.0,0.0,0.0,0.0,0.0,0.0,0.0,1000.0,1000.0
loss,Brandon Thatch,2013-08-28,Justin Edwards,Brandon Thatch,2.557,2.754,2.25,0.5,0.0,0.5,1.0,0.0,0.0,0.0,0.0,0.0,0.0,0.0,1032.0,992.0
win,Justin Edwards,2012-10-05,Justin Edwards,Josh Neer,2.467,2.8,3.0,0.333,0.0,0.0,1.0,0.0,0.0,0.0,0.0,0.0,0.0,0.0,1226.3853628119127,1000.0
loss,John Maguire,2011-11-05,Justin Edwards,John Maguire,2.767,3.3,4.5,0.5,0.0,0.0,1.0,0.0,0.0,0.0,0.0,0.0,0.0,0.0,1009.0,961.0
win,Justin Edwards,2011-09-17,Justin Edwards,Jorge Lopez,2.8,3.8,7.0,0.0,0.0,0.0,1.0,0.0,0.0,0.0,0.0,0.0,0.0,0.0,1000.0,1000.0
loss,Clay Harvison,2011-06-04,Justin Edwards,Clay Harvison,0.0,0.0,0.0,0.0,0.0,0.0,0.0,0.0,0.0,0.0,0.0,0.0,0.0,0.0,1000.0,1000.0
loss,Carlos Prates,2025-11-15,Leon Edwards,Carlos Prates,2.616,2.424,1.368,0.6,0.214,0.071,1.0,0.0,0.0,0.0,0.0,0.0,0.0,0.0,1008.0,1000.0
loss,Sean Brady,2025-03-22,Leon Edwards,Sean Brady,2.682,2.371,1.444,0.8,0.214,0.071,1.0,0.0,0.0,0.0,0.0,0.0,0.0,0.0,1196.00688,1000.0
loss,Belal Muhammad,2024-07-27,Leon Edwards,Belal Muhammad,2.751,2.341,1.412,0.8,0.214,0.071,1.0,1.509,3.585,0.0,0.0,0.0,0.0,1.0,1060.0,1000.0
win,Leon Edwards,2023-12-16,Leon Edwards,Colby Covington,2.796,2.396,1.375,0.8,0.231,0.077,1.0,0.0,0.0,0.0,0.0,0.0,0.0,0.0,992.0,1000.0
win,Leon Edwards,2023-03-18,Leon Edwards,Kamaru Usman,2.585,2.282,1.467,0.8,0.25,0.083,1.0,3.353,2.073,5.5,0.5,0.0,0.0,1.0,992.0,1008.0
win,Leon Edwards,2022-08-20,Leon Edwards,Kamaru Usman,2.619,2.151,1.5,0.8,0.182,0.091,1.0,3.2,1.733,6.0,1.0,0.0,0.0,1.0,1146.6233405578291,1000.0
win,Leon Edwards,2021-06-12,Leon Edwards,Nate Diaz,2.558,2.033,1.308,0.8,0.2,0.1,1.0,0.0,0.0,0.0,0.0,0.0,0.0,0.0,1000.0,1000.0
nc,Draw,2021-03-13,Leon Edwards,Belal Muhammad,2.528,2.048,1.417,1.0,0.2,0.1,1.0,0.0,0.0,0.0,0.0,0.0,0.0,0.0,992.0,1000.0
win,Leon Edwards,2019-07-20,Leon Edwards,Rafael Dos Anjos,2.346,1.859,1.273,1.0,0.222,0.111,1.0,3.143,1.388,2.0,1.0,0.0,0.5,1.0,1209.7273616,1000.0
win,Leon Edwards,2019-03-16,Leon Edwards,Gunnar Nelson,2.375,1.991,1.2,1.0,0.25,0.125,1.0,0.0,0.0,0.0,0.0,0.0,0.0,0.0,1000.0,1000.0
win,Leon Edwards,2018-06-23,Leon Edwards,Donald Cerrone,2.167,1.905,1.333,1.0,0.286,0.143,1.0,0.0,0.0,0.0,0.0,0.0,0.0,0.0,1242.2323382087466,1008.0
win,Leon Edwards,2018-03-17,Leon Edwards,Peter Sobotta,2.075,2.026,1.375,0.8,0.167,0.167,1.0,0.0,0.0,0.0,0.0,0.0,0.0,0.0,1016.0,1000.0
win,Leon Edwards,2017-09-02,Leon Edwards,Bryan Barberena,2.167,1.872,1.143,0.8,0.2,0.2,1.0,4.701,1.791,0.0,1.0,1.0,0.0,1.0,1000.0,1000.0
win,Leon Edwards,2017-03-18,Leon Edwards,Vicente Luque,1.887,1.928,0.833,0.8,0.25,0.25,1.0,0.0,0.0,0.0,0.0,0.0,0.0,0.0,1008.0,1000.0
win,Leon Edwards,2016-10-08,Leon Edwards,Albert Tumenov,2.029,1.813,0.4,0.6,0.333,0.0,1.0,0.0,0.0,0.0,0.0,0.0,0.0,0.0,1000.0,1000.0
win,Leon Edwards,2016-05-08,Leon Edwards,Dominic Waters,2.171,2.349,0.0,0.5,0.5,0.0,1.0,0.0,0.0,0.0,0.0,0.0,0.0,0.0,1102.0,1000.0
loss,Kamaru Usman,2015-12-19,Leon Edwards,Kamaru Usman,2.389,1.925,0.0,0.667,0.5,0.0,1.0,0.0,0.0,0.0,0.0,0.0,0.0,0.0,1043.0,1000.0
win,Leon Edwards,2015-07-18,Leon Edwards,Pawel Pawlak,2.379,2.247,0.0,0.5,1.0,0.0,1.0,0.0,0.0,0.0,0.0,0.0,0.0,0.0,1224.408276912,1000.0
win,Leon Edwards,2015-04-11,Leon Edwards,Seth Baczynski,2.2,2.267,0.0,0.0,0.0,0.0,1.0,0.0,0.0,0.0,0.0,0.0,0.0,0.0,1016.0,1000.0
loss,Claudio Silva,2014-11-08,Leon Edwards,Claudio Silva,0.0,0.0,0.0,0.0,0.0,0.0,0.0,0.0,0.0,0.0,0.0,0.0,0.0,0.0,1000.0,1000.0
loss,Dennis Bermudez,2019-01-19,Te Edwards,Dennis Bermudez,1.404,4.035,0.5,0.5,1.0,0.0,1.0,4.6,4.667,1.0,0.0,0.0,0.0,1.0,1000.0,1000.0
loss,Don Madge,2018-10-27,Te Edwards,Don Madge,6.429,4.286,0.0,1.0,1.0,0.0,1.0,0.0,0.0,0.0,0.0,0.0,0.0,0.0,1008.0,1000.0
win,Te Edwards,2018-06-26,Te Edwards,Austin Tweedy,0.0,0.0,0.0,0.0,0.0,0.0,0.0,0.0,0.0,0.0,0.0,0.0,0.0,0.0,984.0,1000.0
win,Joselyne Edwards,2026-02-21,Joselyne Edwards,Nora Cornolle,4.725,3.277,1.091,0.6,0.286,0.143,1.0,2.667,1.2,0.0,1.0,0.0,0.0,1.0,984.0,1000.0
win,Joselyne Edwards,2025-08-09,Joselyne Edwards,Priscila Cachoeira,4.618,3.203,1.2,0.6,0.167,0.167,1.0,0.0,0.0,0.0,0.0,0.0,0.0,0.0,1102.0,1000.0
win,Joselyne Edwards,2025-04-26,Joselyne Edwards,Chelsea Chandler,4.482,3.188,1.222,0.6,0.0,0.2,1.0,0.0,0.0,0.0,0.0,0.0,0.0,0.0,1258.628601883359,1000.0
win,Joselyne Edwards,2024-10-19,Joselyne Edwards,Tamires Vidal,4.35,3.292,0.875,0.6,0.0,0.0,1.0,0.0,0.0,0.0,0.0,0.0,0.0,0.0,1032.0,1000.0
loss,Ailin Perez,2024-06-01,Joselyne Edwards,Ailin Perez,4.714,3.362,1.0,0.6,0.0,0.0,1.0,3.052,1.084,5.5,0.5,0.0,0.0,1.0,1074.0,1000.0
loss,Nora Cornolle,2023-09-02,Joselyne Edwards,Nora Cornolle,5.3,3.478,0.333,0.6,0.0,0.0,1.0,0.0,0.0,0.0,0.0,0.0,0.0,0.0,992.0,1000.0
win,Joselyne Edwards,2023-04-15,Joselyne Edwards,Lucie Pudilova,5.613,3.653,0.4,0.6,0.0,0.0,1.0,0.0,0.0,0.0,0.0,0.0,0.0,0.0,1208.69969752816,1000.0
win,Joselyne Edwards,2022-07-30,Joselyne Edwards,Ji Yeon Kim,5.333,3.267,0.25,0.5,0.0,0.0,1.0,0.0,0.0,0.0,0.0,0.0,0.0,0.0,1016.0,1008.0
win,Joselyne Edwards,2022-06-11,Joselyne Edwards,Ramona Pascual,3.467,2.956,0.333,0.333,0.0,0.0,1.0,0.0,0.0,0.0,0.0,0.0,0.0,0.0,992.0,992.0
loss,Jessica-Rose Clark,2021-10-23,Joselyne Edwards,Jessica-Rose Clark,4.2,3.833,0.5,0.5,0.0,0.0,1.0,3.4,4.467,0.0,0.0,0.0,0.0,1.0,1000.0,1010.263633839048
loss,Karol Rosa,2021-02-06,Joselyne Edwards,Karol Rosa,5.867,3.867,0.0,1.0,0.0,0.0,1.0,0.0,0.0,0.0,0.0,0.0,0.0,0.0,1016.0,1000.0
win,Joselyne Edwards,2021-01-16,Joselyne Edwards,Wu Yanan,0.0,0.0,0.0,0.0,0.0,0.0,0.0,0.0,0.0,0.0,0.0,0.0,0.0,0.0,999.936,1000.0
loss,John Hathaway,2009-01-17,Tom Egan,John Hathaway,0.0,0.0,0.0,0.0,0.0,0.0,0.0,0.0,0.0,0.0,0.0,0.0,0.0,0.0,1055.0,1008.0
loss,Luana Santos,2023-12-09,Stephanie Egger,Luana Santos,1.926,2.078,1.333,0.6,0.333,0.667,1.0,0.0,0.0,0.0,0.0,0.0,0.0,0.0,1126.0,1000.0
loss,Irina Alekseeva,2023-04-29,Stephanie Egger,Irina Alekseeva,1.797,1.717,1.6,0.6,0.333,0.667,1.0,0.0,0.0,0.0,0.0,0.0,0.0,0.0,1000.0,1000.0
win,Stephanie Egger,2022-09-03,Stephanie Egger,Ailin Perez,1.899,1.753,1.5,0.5,0.5,0.5,1.0,0.0,0.0,0.0,0.0,0.0,0.0,0.0,1223.3086763551312,1008.0
loss,Mayra Bueno Silva,2022-08-06,Stephanie Egger,Mayra Bueno Silva,1.686,1.686,1.667,0.667,0.5,0.5,1.0,0.0,0.0,0.0,0.0,0.0,0.0,0.0,1008.0,1000.0
win,Stephanie Egger,2022-02-19,Stephanie Egger,Jessica-Rose Clark,1.744,1.878,1.5,0.5,1.0,0.0,1.0,2.3,3.233,2.5,0.5,0.0,0.0,1.0,1276.732604015194,1018.0
win,Stephanie Egger,2021-10-02,Stephanie Egger,Shanna Young,0.667,1.333,1.0,0.0,0.0,0.0,1.0,0.0,0.0,0.0,0.0,0.0,0.0,0.0,1000.0,1000.0
loss,Tracy Cortez,2020-10-10,Stephanie Egger,Tracy Cortez,0.0,0.0,0.0,0.0,0.0,0.0,0.0,0.0,0.0,0.0,0.0,0.0,0.0,0.0,1010.263633839048,1000.0
loss,Antonio Silva,2008-07-26,Justin Eilers,Antonio Silva,3.42,5.363,0.2,0.4,1.0,0.0,1.0,0.0,0.0,0.0,0.0,0.0,0.0,0.0,1134.82,991.18
win,Justin Eilers,2006-10-12,Justin Eilers,Josh Diekmann,1.926,6.645,0.0,0.25,1.0,0.0,1.0,0.0,0.0,0.0,0.0,0.0,0.0,0.0,1016.0,1010.263633839048
loss,Brandon Vera,2006-02-04,Justin Eilers,Brandon Vera,1.784,6.914,0.0,0.333,1.0,0.0,1.0,0.0,0.0,0.0,0.0,0.0,0.0,0.0,1136.3597067187811,1000.0
loss,Andrei Arlovski,2005-06-04,Justin Eilers,Andrei Arlovski,2.292,6.042,0.0,0.5,1.0,0.0,1.0,0.0,0.0,0.0,0.0,0.0,0.0,0.0,1032.0,1000.0
loss,Paul Buentello,2005-02-05,Justin Eilers,Paul Buentello,3.243,5.676,0.0,1.0,1.0,0.0,1.0,0.0,0.0,0.0,0.0,0.0,0.0,0.0,1109.14,1000.0
win,Justin Eilers,2004-08-21,Justin Eilers,Mike Kyle,0.0,0.0,0.0,0.0,0.0,0.0,0.0,0.0,0.0,0.0,0.0,0.0,0.0,0.0,1000.0,1000.0
loss,Einemo Mike Russow,2012-01-28,Jon Olav,Einemo Mike Russow,2.659,4.761,2.5,0.0,0.0,0.0,1.0,0.0,0.0,0.0,0.0,0.0,0.0,0.0,1144.8748,1023.0
loss,Einemo Dave Herman,2011-06-11,Jon Olav,Einemo Dave Herman,1.867,3.733,4.0,0.0,0.0,0.0,1.0,0.0,0.0,0.0,0.0,0.0,0.0,0.0,1145.9048861890958,1000.0
loss,Einemo Fabricio Werdum,2006-02-26,Jon Olav,Einemo Fabricio Werdum,0.0,0.0,0.0,0.0,0.0,0.0,0.0,0.0,0.0,0.0,0.0,0.0,0.0,0.0,1008.0,1000.0
loss,Evan Dunham,2009-02-21,Per Eklund,Evan Dunham,1.904,2.091,1.5,0.5,0.0,1.0,1.0,0.0,0.0,0.0,0.0,0.0,0.0,0.0,1258.6213217341306,1008.0
win,Per Eklund,2008-10-18,Per Eklund,Samy Schiavo,1.333,2.2,2.0,0.0,0.0,0.0,1.0,0.0,0.0,0.0,0.0,0.0,0.0,0.0,1008.0,992.0
loss,Sam Stout,2008-01-19,Per Eklund,Sam Stout,0.0,0.0,0.0,0.0,0.0,0.0,0.0,0.0,0.0,0.0,0.0,0.0,0.0,0.0,1116.7798,1000.0
win,Evan Elder,2025-04-26,Evan Elder,Gauge Young,5.021,4.789,0.5,0.5,0.0,0.5,1.0,0.0,0.0,0.0,0.0,0.0,0.0,0.0,1000.0,1000.0
win,Evan Elder,2024-07-13,Evan Elder,Darrius Flowers,4.75,4.996,0.667,0.333,0.0,0.0,1.0,0.0,0.0,0.0,0.0,0.0,0.0,0.0,1016.0,1000.0
win,Evan Elder,2023-07-15,Evan Elder,Genaro Valdez,3.784,5.423,0.5,0.0,0.0,0.0,1.0,0.0,0.0,0.0,0.0,0.0,0.0,0.0,1009.0,1000.0
loss,Nazim Sadykhov,2023-02-18,Evan Elder,Nazim Sadykhov,1.8,5.0,0.0,0.0,0.0,0.0,1.0,0.0,0.0,0.0,0.0,0.0,0.0,0.0,1000.0,1000.0
loss,Preston Parsons,2022-04-23,Evan Elder,Preston Parsons,0.0,0.0,0.0,0.0,0.0,0.0,0.0,0.0,0.0,0.0,0.0,0.0,0.0,0.0,1000.0,1023.0
win,Billy Elekana,2026-01-31,Billy Elekana,Junior Tafa,2.657,3.284,0.333,0.667,0.0,0.5,1.0,0.0,0.0,0.0,0.0,0.0,0.0,0.0,1156.1182282223326,992.0
win,Billy Elekana,2025-11-01,Billy Elekana,Kevin Christian,2.335,3.185,0.5,0.5,0.0,0.0,1.0,0.0,0.0,0.0,0.0,0.0,0.0,0.0,992.0,1000.0
win,Billy Elekana,2025-07-26,Billy Elekana,Ibo Aslan,2.339,5.497,1.0,0.0,0.0,0.0,1.0,0.0,0.0,0.0,0.0,0.0,0.0,0.0,992.0,1000.0
loss,Bogdan Guskov,2025-01-18,Billy Elekana,Bogdan Guskov,0.0,0.0,0.0,0.0,0.0,0.0,0.0,0.0,0.0,0.0,0.0,0.0,0.0,0.0,1241.0778292127413,1000.0
loss,Rafael Estevam,2022-09-27,Joao Elias,Rafael Estevam,0.0,0.0,0.0,0.0,0.0,0.0,0.0,0.0,0.0,0.0,0.0,0.0,0.0,0.0,1024.0,1000.0
loss,Julian Erosa,2025-04-12,Darren Elkins,Julian Erosa,3.399,3.22,2.276,0.6,0.211,0.158,1.0,6.306,6.405,0.824,0.6,0.3,0.4,1.0,1238.3802836999903,1000.0
win,Darren Elkins,2024-10-19,Darren Elkins,Daniel Pineda,3.436,3.273,2.25,0.6,0.222,0.167,1.0,0.0,0.0,0.0,0.0,0.0,0.0,0.0,1000.0,1000.0
win,Darren Elkins,2023-10-14,Darren Elkins,TJ Brown,3.535,3.353,2.148,0.6,0.235,0.118,1.0,0.0,0.0,0.0,0.0,0.0,0.0,0.0,992.0,1000.0
loss,Jonathan Pearce,2022-12-03,Darren Elkins,Jonathan Pearce,3.521,3.156,2.154,0.6,0.235,0.118,1.0,0.0,0.0,0.0,0.0,0.0,0.0,0.0,1032.0,1000.0
win,Darren Elkins,2022-04-30,Darren Elkins,Tristan Connelly,3.445,3.092,2.04,0.4,0.25,0.125,1.0,0.0,0.0,0.0,0.0,0.0,0.0,0.0,1000.0,1000.0
loss,Cub Swanson,2021-12-18,Darren Elkins,Cub Swanson,3.464,3.053,2.125,0.4,0.25,0.125,1.0,1.978,3.781,0.0,0.0,0.0,0.0,1.0,1000.0,1000.0
win,Darren Elkins,2021-07-24,Darren Elkins,Darrick Minner,3.502,3.081,2.174,0.2,0.2,0.133,1.0,0.0,0.0,0.0,0.0,0.0,0.0,0.0,1144.6299522467693,1000.0
win,Darren Elkins,2020-11-07,Darren Elkins,Eduardo Garagorri,3.544,3.089,1.955,0.2,0.214,0.071,1.0,0.0,0.0,0.0,0.0,0.0,0.0,0.0,1023.0,1000.0
loss,Nate Landwehr,2020-05-16,Darren Elkins,Nate Landwehr,3.274,2.803,2.0,0.4,0.214,0.071,1.0,0.0,0.0,0.0,0.0,0.0,0.0,0.0,1144.8748,1023.0
loss,Ryan Hall,2019-07-13,Darren Elkins,Ryan Hall,3.359,2.828,2.1,0.6,0.214,0.071,1.0,0.0,0.0,0.0,0.0,0.0,0.0,0.0,1000.0,1000.0
loss,Ricardo Lamas,2018-11-17,Darren Elkins,Ricardo Lamas,3.294,2.693,2.053,0.8,0.214,0.071,1.0,3.736,2.198,0.0,0.0,0.0,0.0,1.0,1022.0,1000.0
loss,Alexander Volkanovski,2018-07-14,Darren Elkins,Alexander Volkanovski,3.136,2.404,2.111,1.0,0.214,0.071,1.0,0.0,0.0,0.0,0.0,0.0,0.0,0.0,992.0,1000.0
win,Darren Elkins,2018-01-14,Darren Elkins,Michael Johnson,3.161,2.267,2.176,1.0,0.231,0.0,1.0,0.0,0.0,0.0,0.0,0.0,0.0,0.0,1224.2023811678494,1000.0
win,Darren Elkins,2017-07-22,Darren Elkins,Dennis Bermudez,3.039,2.076,2.125,0.8,0.25,0.0,1.0,0.0,0.0,0.0,0.0,0.0,0.0,0.0,1154.7540489040432,1000.0
win,Darren Elkins,2017-03-04,Darren Elkins,Mirsad Bektic,3.112,1.887,2.267,0.8,0.182,0.0,1.0,0.0,0.0,0.0,0.0,0.0,0.0,0.0,1048.0,1000.0
win,Darren Elkins,2016-07-23,Darren Elkins,Godofredo Pepey,3.199,1.94,2.071,0.6,0.2,0.0,1.0,0.0,0.0,0.0,0.0,0.0,0.0,0.0,1108.605214,1011.0361654183312
win,Darren Elkins,2016-03-05,Darren Elkins,Chas Skelly,2.801,1.955,1.692,0.6,0.222,0.0,1.0,0.0,0.0,0.0,0.0,0.0,0.0,0.0,1010.263633839048,1000.0
win,Darren Elkins,2015-10-24,Darren Elkins,Robert Whiteford,2.817,2.006,1.25,0.4,0.25,0.0,1.0,0.0,0.0,0.0,0.0,0.0,0.0,0.0,1239.8965478495988,1000.0
loss,Hacran Dias,2014-12-20,Darren Elkins,Hacran Dias,2.865,2.006,1.273,0.6,0.25,0.0,1.0,0.0,0.0,0.0,0.0,0.0,0.0,0.0,1044.0,1000.0
win,Darren Elkins,2014-10-25,Darren Elkins,Lucas Martins,2.823,2.049,1.3,0.6,0.286,0.0,1.0,0.0,0.0,0.0,0.0,0.0,0.0,0.0,1008.0,1000.0
loss,Jeremy Stephens,2014-01-25,Darren Elkins,Jeremy Stephens,3.087,1.934,1.444,0.8,0.286,0.0,1.0,2.609,4.174,0.0,0.0,0.0,0.0,1.0,1255.0669035589897,1000.0
win,Darren Elkins,2013-08-28,Darren Elkins,Hatsu Hioki,3.062,1.904,1.375,0.8,0.333,0.0,1.0,0.0,0.0,0.0,0.0,0.0,0.0,0.0,984.0,1000.0
loss,Chad Mendes,2013-04-20,Darren Elkins,Chad Mendes,3.084,1.829,1.571,1.0,0.333,0.0,1.0,0.0,0.0,0.0,0.0,0.0,0.0,0.0,1055.0,1000.0
win,Darren Elkins,2013-03-16,Darren Elkins,Antonio Carvalho,3.012,1.775,1.833,0.8,0.2,0.0,1.0,0.0,0.0,0.0,0.0,0.0,0.0,0.0,1153.406036,1000.0
win,Darren Elkins,2012-11-17,Darren Elkins,Steven Siler,3.038,2.025,1.0,0.8,0.25,0.0,1.0,0.0,0.0,0.0,0.0,0.0,0.0,0.0,1272.921586808119,1000.0
win,Darren Elkins,2012-05-26,Darren Elkins,Diego Brandao,3.342,2.26,1.0,0.75,0.333,0.0,1.0,0.0,0.0,0.0,0.0,0.0,0.0,0.0,1000.0,1000.0
win,Darren Elkins,2011-10-08,Darren Elkins,Zhang Tiequan,4.751,4.203,1.0,0.667,0.5,0.0,1.0,0.0,0.0,0.0,0.0,0.0,0.0,0.0,1000.0,1000.0
win,Darren Elkins,2011-06-11,Darren Elkins,Michihiro Omigawa,0.0,2.824,1.0,0.5,1.0,0.0,1.0,0.4,0.4,1.0,1.0,0.0,1.0,1.0,1000.0,1000.0
loss,Charles Oliveira,2010-08-01,Darren Elkins,Charles Oliveira,0.0,1.364,1.0,1.0,1.0,0.0,1.0,0.0,0.0,0.0,0.0,0.0,0.0,0.0,992.0,1000.0
win,Darren Elkins,2010-03-21,Darren Elkins,Duane Ludwig,0.0,0.0,0.0,0.0,0.0,0.0,0.0,3.2,1.0,1.0,1.0,0.0,0.0,1.0,1046.0,1000.0
loss,Bryan Barberena,2018-08-25,Jake Ellenberger,Bryan Barberena,2.432,2.756,1.15,0.2,0.6,0.1,1.0,3.768,1.655,0.0,0.5,1.0,0.0,1.0,1094.0,1000.0
loss,Ben Saunders,2018-06-01,Jake Ellenberger,Ben Saunders,2.43,2.728,1.211,0.2,0.6,0.1,1.0,0.0,0.0,0.0,0.0,0.0,0.0,0.0,1256.6893061990709,1000.0
loss,Mike Perry,2017-04-22,Jake Ellenberger,Mike Perry,2.416,2.669,1.222,0.4,0.6,0.1,1.0,0.0,0.0,0.0,0.0,0.0,0.0,0.0,1082.0,1000.0
loss,Jorge Masvidal,2016-12-03,Jake Ellenberger,Jorge Masvidal,2.409,2.454,1.294,0.4,0.6,0.1,1.0,3.733,2.067,3.0,1.0,0.0,0.0,1.0,1016.0,1000.0
win,Jake Ellenberger,2016-07-30,Jake Ellenberger,Matt Brown,2.299,2.437,1.375,0.2,0.556,0.111,1.0,0.0,0.0,0.0,0.0,0.0,0.0,0.0,1140.0,1000.0
loss,Tarec Saffiedine,2016-01-30,Jake Ellenberger,Tarec Saffiedine,2.332,2.31,1.467,0.2,0.556,0.111,1.0,0.0,0.0,0.0,0.0,0.0,0.0,0.0,1142.66761348,1010.73842252
loss,Stephen Thompson,2015-07-12,Jake Ellenberger,Stephen Thompson,2.373,2.238,1.571,0.4,0.556,0.111,1.0,0.0,0.0,0.0,0.0,0.0,0.0,0.0,992.0,1000.0
win,Jake Ellenberger,2015-02-28,Jake Ellenberger,Josh Koscheck,2.431,2.35,1.692,0.4,0.625,0.0,1.0,0.0,0.0,0.0,0.0,0.0,0.0,0.0,1028.0,1000.0
loss,Kelvin Gastelum,2014-11-15,Jake Ellenberger,Kelvin Gastelum,2.444,2.31,1.75,0.4,0.625,0.0,1.0,0.0,0.0,0.0,0.0,0.0,0.0,0.0,1079.0,1000.0
loss,Robbie Lawler,2014-05-24,Jake Ellenberger,Robbie Lawler,2.472,1.953,1.727,0.6,0.625,0.0,1.0,0.0,0.0,0.0,0.0,0.0,0.0,0.0,1143.9212654807602,1000.0
loss,Rory MacDonald,2013-07-27,Jake Ellenberger,Rory MacDonald,2.671,1.77,1.8,0.8,0.625,0.0,1.0,0.0,0.0,0.0,0.0,0.0,0.0,0.0,1032.0,1008.0
win,Jake Ellenberger,2013-03-16,Jake Ellenberger,Nate Marquardt,2.615,1.682,2.0,0.8,0.571,0.0,1.0,0.0,0.0,0.0,0.0,0.0,0.0,0.0,992.0,992.0
win,Jake Ellenberger,2012-10-05,Jake Ellenberger,Jay Hieron,2.81,1.59,2.0,0.8,0.667,0.0,1.0,0.0,0.0,0.0,0.0,0.0,0.0,0.0,1253.8170757315506,1000.0
loss,Martin Kampmann,2012-06-01,Jake Ellenberger,Martin Kampmann,2.805,1.554,2.286,1.0,0.667,0.0,1.0,0.0,0.0,0.0,0.0,0.0,0.0,0.0,1153.9957540644134,1000.0
win,Jake Ellenberger,2012-02-15,Jake Ellenberger,Diego Sanchez,2.417,1.442,2.333,1.0,0.8,0.0,1.0,0.0,0.0,0.0,0.0,0.0,0.0,0.0,1133.4325701128,1000.0
win,Jake Ellenberger,2011-09-17,Jake Ellenberger,Jake Shields,2.281,1.448,2.8,0.8,0.75,0.0,1.0,0.0,0.0,0.0,0.0,0.0,0.0,0.0,1013.0,1000.0
win,Jake Ellenberger,2011-04-30,Jake Ellenberger,Sean Pierson,2.221,1.467,3.25,0.75,0.667,0.0,1.0,0.0,0.0,0.0,0.0,0.0,0.0,0.0,1135.0,1000.0
win,Jake Ellenberger,2011-02-05,Jake Ellenberger,Carlos Eduardo Rocha,2.476,1.498,3.333,0.667,1.0,0.0,1.0,0.0,0.0,0.0,0.0,0.0,0.0,0.0,1056.0,1000.0
win,Jake Ellenberger,2010-08-01,Jake Ellenberger,John Howard,2.111,1.571,2.5,0.5,1.0,0.0,1.0,0.0,0.0,0.0,0.0,0.0,0.0,0.0,1008.0,1000.0
win,Jake Ellenberger,2010-01-02,Jake Ellenberger,Mike Pyle,1.867,1.8,3.0,0.0,0.0,0.0,1.0,0.0,0.0,0.0,0.0,0.0,0.0,0.0,1144.45,1000.0
loss,Carlos Condit,2009-09-16,Jake Ellenberger,Carlos Condit,0.0,0.0,0.0,0.0,0.0,0.0,0.0,0.0,0.0,0.0,0.0,0.0,0.0,0.0,1236.049880430342,1016.8754480448919
loss,Bryan Barberena,2014-12-13,Joe Ellenberger,Bryan Barberena,1.467,2.333,3.0,1.0,0.0,0.0,1.0,0.0,0.0,0.0,0.0,0.0,0.0,0.0,1124.092290204904,1016.0
win,Joe Ellenberger,2014-06-28,Joe Ellenberger,James Moontasri,0.0,0.0,0.0,0.0,0.0,0.0,0.0,0.0,0.0,0.0,0.0,0.0,0.0,0.0,1096.0,1000.0
win,Tim Elliott,2025-08-16,Tim Elliott,Kai Asakura,3.29,2.56,3.095,0.6,0.0,0.2,1.0,0.0,0.0,0.0,0.0,0.0,0.0,0.0,1143.2160512799044,1000.0
win,Tim Elliott,2023-12-09,Tim Elliott,Sumudaerji,3.303,2.561,3.2,0.6,0.0,0.111,1.0,0.0,0.0,0.0,0.0,0.0,0.0,0.0,1000.0,1000.0
loss,Muhammad Mokaev,2023-10-21,Tim Elliott,Muhammad Mokaev,3.357,2.641,3.316,0.8,0.0,0.111,1.0,0.0,0.0,0.0,0.0,0.0,0.0,0.0,1134.3385,1000.0
win,Tim Elliott,2023-06-03,Tim Elliott,Victor Altamirano,3.455,2.732,3.167,0.8,0.0,0.125,1.0,0.0,0.0,0.0,0.0,0.0,0.0,0.0,999.936,1000.0
win,Tim Elliott,2022-03-05,Tim Elliott,Tagir Ulanbekov,3.328,2.502,3.176,0.6,0.0,0.143,1.0,0.0,0.0,0.0,0.0,0.0,0.0,0.0,1000.0,1000.0
loss,Matheus Nicolau,2021-10-09,Tim Elliott,Matheus Nicolau,3.226,2.368,3.312,0.6,0.0,0.143,1.0,0.0,0.0,0.0,0.0,0.0,0.0,0.0,1133.1909276903111,1000.0
win,Tim Elliott,2021-03-06,Tim Elliott,Jordan Espinosa,3.505,2.636,3.214,0.4,0.0,0.2,1.0,4.994,3.232,0.571,0.4,0.25,0.25,1.0,1130.2,1000.0
win,Tim Elliott,2020-07-15,Tim Elliott,Ryan Benoit,3.41,2.535,3.385,0.2,0.0,0.25,1.0,0.0,0.0,0.0,0.0,0.0,0.0,0.0,1251.3920906973235,1000.0
loss,Brandon Royval,2020-05-30,Tim Elliott,Brandon Royval,3.488,2.57,3.333,0.4,0.0,0.25,1.0,0.0,0.0,0.0,0.0,0.0,0.0,0.0,1000.0,1000.0
loss,Askar Askarov,2020-01-18,Tim Elliott,Askar Askarov,3.529,2.304,3.364,0.4,0.0,0.25,1.0,0.0,0.0,0.0,0.0,0.0,0.0,0.0,1000.0,1000.0
loss,Deiveson Figueiredo,2019-10-12,Tim Elliott,Deiveson Figueiredo,3.411,2.298,3.6,0.4,0.0,0.25,1.0,0.0,0.0,0.0,0.0,0.0,0.0,0.0,992.0,1000.0
win,Tim Elliott,2017-12-30,Tim Elliott,Mark De La Rosa,3.501,2.409,3.889,0.2,0.0,0.0,1.0,0.0,0.0,0.0,0.0,0.0,0.0,0.0,1143.742195,989.9255114163468
loss,Ben Nguyen,2017-06-10,Tim Elliott,Ben Nguyen,3.517,2.401,4.375,0.2,0.0,0.0,1.0,0.0,0.0,0.0,0.0,0.0,0.0,0.0,1000.0,1000.0
win,Tim Elliott,2017-04-15,Tim Elliott,Louis Smolka,3.476,2.353,3.286,0.2,0.0,0.0,1.0,0.0,0.0,0.0,0.0,0.0,0.0,0.0,1000.0,1000.0
loss,Demetrious Johnson,2016-12-03,Tim Elliott,Demetrious Johnson,4.271,2.742,3.167,0.4,0.0,0.0,1.0,0.0,0.0,0.0,0.0,0.0,0.0,0.0,1000.0,1000.0
loss,Zach Makovsky,2015-02-14,Tim Elliott,Zach Makovsky,4.6,3.056,3.6,0.4,0.0,0.0,1.0,0.0,0.0,0.0,0.0,0.0,0.0,0.0,992.0,1000.0
loss,Joseph Benavidez,2014-04-26,Tim Elliott,Joseph Benavidez,4.65,3.117,3.75,0.5,0.0,0.0,1.0,0.0,0.0,0.0,0.0,0.0,0.0,0.0,1000.0,1000.0
loss,Ali Bagautinov,2013-11-16,Tim Elliott,Ali Bagautinov,5.133,3.2,4.333,0.667,0.0,0.0,1.0,0.0,0.0,0.0,0.0,0.0,0.0,0.0,1028.0,1000.0
win,Tim Elliott,2013-08-31,Tim Elliott,Louis Gaudinot,3.833,3.867,3.5,0.5,0.0,0.0,1.0,0.0,0.0,0.0,0.0,0.0,0.0,0.0,1008.0,1000.0
win,Tim Elliott,2012-12-15,Tim Elliott,Jared Papazian,5.267,5.333,0.0,0.0,0.0,0.0,1.0,4.533,5.667,0.0,0.0,0.0,0.0,1.0,1133.1909276903111,1000.0
loss,John Dodson,2012-05-05,Tim Elliott,John Dodson,0.0,0.0,0.0,0.0,0.0,0.0,0.0,0.0,0.0,0.0,0.0,0.0,0.0,0.0,992.0,1000.0
loss,Jonathan Micallef,2026-01-31,Oban Elliott,Jonathan Micallef,3.495,2.236,1.6,0.8,0.25,0.0,1.0,0.0,0.0,0.0,0.0,0.0,0.0,0.0,1000.0,1000.0
loss,Seokhyeon Ko,2025-06-21,Oban Elliott,Seokhyeon Ko,4.257,2.246,2.0,1.0,0.25,0.0,1.0,0.0,0.0,0.0,0.0,0.0,0.0,0.0,1000.0,1000.0
win,Oban Elliott,2024-11-16,Oban Elliott,Bassil Hafez,3.822,2.244,2.667,1.0,0.0,0.0,1.0,0.0,0.0,0.0,0.0,0.0,0.0,0.0,992.0,1000.0
win,Oban Elliott,2024-07-27,Oban Elliott,Preston Parsons,4.267,2.167,3.5,1.0,0.0,0.0,1.0,5.0,1.8,4.0,1.0,0.0,0.0,1.0,1131.6587505192472,981.1252
win,Oban Elliott,2024-02-17,Oban Elliott,Val Woodburn,3.867,2.8,4.0,1.0,0.0,0.0,1.0,0.0,0.0,0.0,0.0,0.0,0.0,0.0,992.0,1000.0
win,Oban Elliott,2023-08-22,Oban Elliott,Kaik Brito,0.0,0.0,0.0,0.0,0.0,0.0,0.0,0.0,0.0,0.0,0.0,0.0,0.0,0.0,1121.086,992.0
win,Eddy Ellis,2008-02-23,Eddy Ellis,Steve Berger,0.0,0.0,0.0,0.0,0.0,0.0,0.0,0.0,0.0,0.0,0.0,0.0,0.0,0.0,1132.9750271491444,1000.0
loss,Bec Rawlings,2015-05-09,Lisa Ellis,Bec Rawlings,1.676,1.772,3.0,0.0,0.0,0.0,1.0,0.0,0.0,0.0,0.0,0.0,0.0,0.0,1000.0,1000.0
loss,Felice Herrig,2014-12-12,Lisa Ellis,Felice Herrig,2.422,2.266,4.0,0.0,0.0,0.0,1.0,0.0,0.0,0.0,0.0,0.0,0.0,0.0,1000.0,1000.0
loss,Jessica Penne,2012-04-28,Lisa Ellis,Jessica Penne,0.0,0.0,0.0,0.0,0.0,0.0,0.0,0.0,0.0,0.0,0.0,0.0,0.0,0.0,992.0,1000.0
loss,Brando Pericic,2025-09-27,Elisha Ellison,Brando Pericic,0.0,0.0,0.0,0.0,0.0,0.0,0.0,0.0,0.0,0.0,0.0,0.0,0.0,0.0,1142.1960990555945,1000.0
loss,Amanda Cooper,2016-11-19,Anna Elmose,Amanda Cooper,1.593,4.779,0.0,0.0,0.0,0.0,1.0,0.0,0.0,0.0,0.0,0.0,0.0,0.0,1123.8675627519895,1000.0
loss,Germaine de Randamie,2016-05-08,Anna Elmose,Germaine de Randamie,0.0,0.0,0.0,0.0,0.0,0.0,0.0,0.0,0.0,0.0,0.0,0.0,0.0,0.0,1000.0,1000.0
loss,Aoriqileng,2022-04-23,Cameron Else,Aoriqileng,1.919,5.581,0.0,0.0,0.0,0.0,1.0,0.0,0.0,0.0,0.0,0.0,0.0,0.0,992.0,1000.0
loss,Kyler Phillips,2020-10-03,Cameron Else,Kyler Phillips,0.0,0.0,0.0,0.0,0.0,0.0,0.0,0.0,0.0,0.0,0.0,0.0,0.0,0.0,1000.0,1000.0
loss,Jack Della Maddalena,2022-06-11,Ramazan Emeev,Jack Della Maddalena,2.524,2.019,2.286,0.6,0.0,0.0,1.0,0.0,0.0,0.0,0.0,0.0,0.0,0.0,1008.0,1000.0
loss,Danny Roberts,2021-10-16,Ramazan Emeev,Danny Roberts,2.5,1.978,2.333,0.8,0.0,0.0,1.0,1.818,3.182,0.0,1.0,1.0,0.0,1.0,992.0,1000.0
win,Ramazan Emeev,2021-01-16,Ramazan Emeev,David Zawada,2.293,1.787,2.0,0.8,0.0,0.0,1.0,0.0,0.0,0.0,0.0,0.0,0.0,0.0,1142.2832790495845,1000.0
win,Ramazan Emeev,2020-07-25,Ramazan Emeev,Niklas Stolze,2.383,1.733,1.5,0.75,0.0,0.0,1.0,0.0,0.0,0.0,0.0,0.0,0.0,0.0,1000.0,1000.0
loss,Anthony Rocco Martin,2019-11-09,Ramazan Emeev,Anthony Rocco Martin,2.511,1.4,2.0,1.0,0.0,0.0,1.0,0.0,0.0,0.0,0.0,0.0,0.0,0.0,984.0,1000.0
win,Ramazan Emeev,2018-09-15,Ramazan Emeev,Stefan Sekulic,2.567,1.367,2.0,1.0,0.0,0.0,1.0,0.0,0.0,0.0,0.0,0.0,0.0,0.0,984.0,1000.0
win,Ramazan Emeev,2018-05-12,Ramazan Emeev,Alberto Mina,2.533,1.933,1.0,1.0,0.0,0.0,1.0,0.0,0.0,0.0,0.0,0.0,0.0,0.0,984.0,1000.0
win,Ramazan Emeev,2017-10-21,Ramazan Emeev,Sam Alvey,0.0,0.0,0.0,0.0,0.0,0.0,0.0,2.667,1.133,0.0,1.0,0.0,0.0,1.0,992.0,1000.0
loss,Fabricio Werdum,2006-11-12,Aleksander Emelianenko,Fabricio Werdum,3.708,2.193,1.0,0.8,0.5,0.333,1.0,3.28,1.158,0.0,1.0,0.0,1.0,1.0,1008.0,1000.0
win,Aleksander Emelianenko,2006-09-10,Aleksander Emelianenko,Sergei Kharitonov,3.613,1.87,1.143,0.6,0.4,0.4,1.0,0.0,0.0,0.0,0.0,0.0,0.0,0.0,992.0,1000.0
loss,Josh Barnett,2006-05-05,Aleksander Emelianenko,Josh Barnett,3.415,1.138,1.333,0.8,0.4,0.4,1.0,0.0,0.0,0.0,0.0,0.0,0.0,0.0,984.0,1000.0
win,Aleksander Emelianenko,2005-12-31,Aleksander Emelianenko,Pawel Nastula,4.479,1.514,1.6,0.8,0.5,0.25,1.0,0.0,0.0,0.0,0.0,0.0,0.0,0.0,1000.0,1000.0
win,Aleksander Emelianenko,2005-04-03,Aleksander Emelianenko,Ricardo Morais,4.038,1.538,2.0,0.75,0.333,0.333,1.0,0.0,0.0,0.0,0.0,0.0,0.0,0.0,1152.149825989486,1008.0
win,Aleksander Emelianenko,2004-10-31,Aleksander Emelianenko,James Thompson,3.632,1.492,2.667,0.667,0.0,0.5,1.0,0.0,0.0,0.0,0.0,0.0,0.0,0.0,1130.12202,1000.0
loss,Mirko Filipovic,2004-08-15,Aleksander Emelianenko,Mirko Filipovic,3.92,0.603,4.0,1.0,0.0,0.5,1.0,0.0,0.0,0.0,0.0,0.0,0.0,0.0,984.0,1000.0
win,Aleksander Emelianenko,2004-05-23,Aleksander Emelianenko,Matt Foki,4.1,0.8,6.0,1.0,0.0,0.0,1.0,0.0,0.0,0.0,0.0,0.0,0.0,0.0,1000.0,1000.0
win,Aleksander Emelianenko,2003-10-05,Aleksander Emelianenko,Assuerio Silva,0.0,0.0,0.0,0.0,0.0,0.0,0.0,0.0,0.0,0.0,0.0,0.0,0.0,0.0,1000.0,1000.0
win,Fedor Emelianenko,2012-06-21,Fedor Emelianenko,Pedro Rizzo,3.545,1.131,0.923,0.4,0.364,0.409,1.0,0.0,0.0,0.0,0.0,0.0,0.0,0.0,1000.0,1000.0
win,Fedor Emelianenko,2011-12-31,Fedor Emelianenko,Satoshi Ishii,3.499,1.13,0.96,0.4,0.333,0.429,1.0,0.0,0.0,0.0,0.0,0.0,0.0,0.0,1000.0,1000.0
win,Fedor Emelianenko,2011-11-20,Fedor Emelianenko,Jeff Monson,3.516,1.215,0.958,0.4,0.35,0.45,1.0,0.0,0.0,0.0,0.0,0.0,0.0,0.0,992.0,1000.0
loss,Dan Henderson,2011-07-30,Fedor Emelianenko,Dan Henderson,3.573,1.091,1.0,0.6,0.35,0.45,1.0,0.0,0.0,0.0,0.0,0.0,0.0,0.0,1268.989537046136,1000.0
loss,Antonio Silva,2011-02-12,Fedor Emelianenko,Antonio Silva,3.737,0.956,1.045,0.8,0.35,0.45,1.0,6.395,1.505,1.0,1.0,1.0,0.0,1.0,1132.3234495161137,1000.0
loss,Fabricio Werdum,2010-06-26,Fedor Emelianenko,Fabricio Werdum,3.748,0.957,1.095,1.0,0.35,0.45,1.0,2.447,0.699,0.5,1.0,0.0,1.0,1.0,1008.0,1000.0
win,Fedor Emelianenko,2009-11-07,Fedor Emelianenko,Brett Rogers,3.844,0.885,1.05,1.0,0.316,0.474,1.0,0.0,0.0,0.0,0.0,0.0,0.0,0.0,1008.0,1000.0
win,Fedor Emelianenko,2009-01-24,Fedor Emelianenko,Andrei Arlovski,3.909,0.78,1.105,1.0,0.278,0.5,1.0,7.92,1.2,0.0,1.0,1.0,0.0,1.0,1162.2403138087502,1010.1115
win,Fedor Emelianenko,2008-07-19,Fedor Emelianenko,Tim Sylvia,3.798,0.784,1.167,1.0,0.294,0.471,1.0,0.0,0.0,0.0,0.0,0.0,0.0,0.0,992.0,1000.0
win,Fedor Emelianenko,2007-12-31,Fedor Emelianenko,Hong Man Choi,3.845,0.753,1.235,1.0,0.312,0.438,1.0,0.0,0.0,0.0,0.0,0.0,0.0,0.0,1000.0,1000.0
win,Fedor Emelianenko,2007-04-14,Fedor Emelianenko,Matt Lindland,3.948,0.746,1.25,1.0,0.333,0.4,1.0,0.0,0.0,0.0,0.0,0.0,0.0,0.0,1008.0,1000.0
win,Fedor Emelianenko,2006-12-31,Fedor Emelianenko,Mark Hunt,4.201,0.748,1.2,1.0,0.357,0.357,1.0,0.0,0.0,0.0,0.0,0.0,0.0,0.0,992.0,1000.0
win,Fedor Emelianenko,2006-10-21,Fedor Emelianenko,Mark Coleman,4.277,0.723,1.286,1.0,0.385,0.308,1.0,2.29,1.832,2.0,0.0,0.0,0.0,1.0,992.0,1000.0
win,Fedor Emelianenko,2005-12-31,Fedor Emelianenko,Wagner da Conceicao Martins,4.159,0.727,1.385,0.8,0.333,0.333,1.0,0.0,0.0,0.0,0.0,0.0,0.0,0.0,1141.5860909822416,1000.0
win,Fedor Emelianenko,2005-08-28,Fedor Emelianenko,Mirko Filipovic,4.314,0.738,1.167,0.8,0.364,0.364,1.0,6.977,1.86,0.0,1.0,1.0,0.0,1.0,1008.0,1000.0
win,Fedor Emelianenko,2005-04-03,Fedor Emelianenko,Tsuyoshi Kohsaka,4.488,0.8,1.091,0.8,0.3,0.4,1.0,0.0,0.0,0.0,0.0,0.0,0.0,0.0,992.0,1008.0
win,Fedor Emelianenko,2004-12-31,Fedor Emelianenko,Antonio Rodrigo Nogueira,4.53,0.655,0.7,0.8,0.333,0.444,1.0,0.265,4.929,0.0,0.0,0.0,0.0,1.0,1000.0,1000.0
nc,Draw,2004-08-15,Fedor Emelianenko,Antonio Rodrigo Nogueira,4.542,0.677,0.875,1.0,0.375,0.375,1.0,0.2,5.267,0.0,0.0,0.0,0.0,1.0,1250.1602694529065,1000.0
win,Fedor Emelianenko,2004-08-15,Fedor Emelianenko,Naoya Ogawa,4.542,0.677,0.875,1.0,0.375,0.375,1.0,0.0,0.0,0.0,0.0,0.0,0.0,0.0,1000.0,1000.0
win,Fedor Emelianenko,2004-06-20,Fedor Emelianenko,Kevin Randleman,4.419,0.658,1.0,1.0,0.429,0.286,1.0,0.0,0.0,0.0,0.0,0.0,0.0,0.0,1000.0,1000.0
win,Fedor Emelianenko,2004-04-25,Fedor Emelianenko,Mark Coleman,4.541,0.581,1.167,1.0,0.5,0.167,1.0,0.0,0.0,0.0,0.0,0.0,0.0,0.0,1000.0,1000.0
win,Fedor Emelianenko,2003-12-31,Fedor Emelianenko,Yuji Nagata,4.314,0.55,1.4,1.0,0.4,0.2,1.0,0.0,0.0,0.0,0.0,0.0,0.0,0.0,1000.0,1000.0
win,Fedor Emelianenko,2003-08-10,Fedor Emelianenko,Gary Goodridge,3.771,0.565,1.5,1.0,0.25,0.25,1.0,0.8,2.467,0.0,0.0,0.0,0.0,1.0,1000.0,1000.0
win,Fedor Emelianenko,2003-06-08,Fedor Emelianenko,Kazuyuki Fujita,3.875,0.575,2.0,1.0,0.333,0.0,1.0,0.0,0.0,0.0,0.0,0.0,0.0,0.0,1000.0,1000.0
win,Fedor Emelianenko,2003-03-16,Fedor Emelianenko,Antonio Rodrigo Nogueira,3.04,0.8,2.5,1.0,0.5,0.0,1.0,0.0,0.0,0.0,0.0,0.0,0.0,0.0,984.0,1008.0
win,Fedor Emelianenko,2002-11-24,Fedor Emelianenko,Heath Herring,2.333,0.533,3.0,1.0,0.0,0.0,1.0,0.796,0.955,0.0,1.0,0.0,1.0,1.0,1172.8893307753626,1009.340279907896
win,Fedor Emelianenko,2002-06-23,Fedor Emelianenko,Semmy Schilt,0.0,0.0,0.0,0.0,0.0,0.0,0.0,0.0,0.0,0.0,0.0,0.0,0.0,0.0,1151.4971173509985,1000.0
loss,Nik Lentz,2010-03-31,Rob Emerson,Nik Lentz,2.725,2.776,1.667,0.6,0.333,0.0,1.0,0.0,0.0,0.0,0.0,0.0,0.0,0.0,984.0,1000.0
win,Rob Emerson,2010-02-06,Rob Emerson,Phillipe Nover,3.062,3.289,0.6,0.4,0.5,0.0,1.0,1.333,1.8,0.0,0.0,0.0,0.0,1.0,1000.0,1000.0
loss,Rafael Dos Anjos,2009-09-19,Rob Emerson,Rafael Dos Anjos,3.713,3.198,0.75,0.5,0.5,0.0,1.0,0.0,0.0,0.0,0.0,0.0,0.0,0.0,960.0,1000.0
loss,Kurt Pellegrino,2009-02-07,Rob Emerson,Kurt Pellegrino,4.173,3.693,0.333,0.667,0.5,0.0,1.0,0.0,0.0,0.0,0.0,0.0,0.0,0.0,992.0,1000.0
win,Rob Emerson,2008-08-09,Rob Emerson,Manvel Gamburyan,4.068,3.729,0.5,0.5,0.0,0.0,1.0,0.0,0.0,0.0,0.0,0.0,0.0,0.0,1008.0,1000.0
win,Rob Emerson,2008-02-02,Rob Emerson,Keita Nakamura,0.531,3.54,1.0,0.0,0.0,0.0,1.0,0.0,0.0,0.0,0.0,0.0,0.0,0.0,1161.44089721464,1000.6926792672025
nc,Draw,2007-06-23,Rob Emerson,Gray Maynard,0.0,0.0,0.0,0.0,0.0,0.0,0.0,0.0,0.0,0.0,0.0,0.0,0.0,0.0,992.0,1000.0
win,Jamall Emmers,2025-11-08,Jamall Emmers,Hyder Amil,5.653,4.413,0.9,0.6,0.5,0.0,1.0,0.0,0.0,0.0,0.0,0.0,0.0,0.0,1000.0,992.0
win,Jamall Emmers,2025-03-29,Jamall Emmers,Gabriel Miranda,5.53,4.414,1.0,0.4,0.333,0.0,1.0,0.0,0.0,0.0,0.0,0.0,0.0,0.0,968.0,1000.0
loss,Nate Landwehr,2024-03-30,Jamall Emmers,Nate Landwehr,5.358,4.198,1.125,0.6,0.333,0.0,1.0,7.971,8.536,0.0,0.5,0.0,0.0,1.0,1000.0,1008.174586
win,Jamall Emmers,2023-11-11,Jamall Emmers,Dennis Buzukja,5.228,4.204,1.286,0.4,0.0,0.0,1.0,0.0,0.0,0.0,0.0,0.0,0.0,0.0,1008.0,1000.0
loss,Jack Jenkins,2023-06-24,Jamall Emmers,Jack Jenkins,5.59,4.272,1.333,0.4,0.0,0.0,1.0,0.0,0.0,0.0,0.0,0.0,0.0,0.0,1008.0,1000.0
win,Jamall Emmers,2023-02-18,Jamall Emmers,Khusein Askhabov,6.084,5.043,1.4,0.2,0.0,0.0,1.0,0.0,0.0,0.0,0.0,0.0,0.0,0.0,1232.6490505912031,1000.0
loss,Pat Sabatini,2021-08-28,Jamall Emmers,Pat Sabatini,6.118,5.244,1.75,0.25,0.0,0.0,1.0,0.0,0.0,0.0,0.0,0.0,0.0,0.0,1162.1019155655683,1000.0
win,Jamall Emmers,2020-08-01,Jamall Emmers,Vince Cachero,5.707,5.341,0.667,0.0,0.0,0.0,1.0,0.0,0.0,0.0,0.0,0.0,0.0,0.0,1016.0,1000.0
loss,Giga Chikadze,2020-03-07,Jamall Emmers,Giga Chikadze,8.27,8.757,0.0,0.0,0.0,0.0,1.0,0.0,0.0,0.0,0.0,0.0,0.0,0.0,1016.0,1000.0
loss,Julian Erosa,2018-06-26,Jamall Emmers,Julian Erosa,0.0,0.0,0.0,0.0,0.0,0.0,0.0,3.744,3.841,1.5,0.5,0.0,0.0,1.0,1008.0,1000.0
loss,Kevin Vallejos,2026-03-14,Josh Emmett,Kevin Vallejos,3.717,4.425,0.938,0.2,0.4,0.0,1.0,0.0,0.0,0.0,0.0,0.0,0.0,0.0,945.0,1000.0
loss,Youssef Zalal,2025-10-04,Josh Emmett,Youssef Zalal,3.747,4.46,1.0,0.4,0.4,0.0,1.0,2.586,1.552,1.0,1.0,0.0,1.0,1.0,991.825414,1000.0
loss,Lerone Murphy,2025-04-05,Josh Emmett,Lerone Murphy,4.038,4.612,0.786,0.6,0.4,0.0,1.0,0.0,0.0,0.0,0.0,0.0,0.0,0.0,1172.6932724709607,1000.0
win,Josh Emmett,2023-12-16,Josh Emmett,Bryce Mitchell,4.07,4.662,0.846,0.6,0.333,0.0,1.0,0.0,0.0,0.0,0.0,0.0,0.0,0.0,1000.0,1000.0
loss,Ilia Topuria,2023-06-24,Josh Emmett,Ilia Topuria,4.166,4.432,0.917,0.8,0.333,0.0,1.0,0.0,0.0,0.0,0.0,0.0,0.0,0.0,1008.0,1000.0
loss,Yair Rodriguez,2023-02-11,Josh Emmett,Yair Rodriguez,4.282,4.289,0.909,1.0,0.333,0.0,1.0,1.6,7.2,0.0,0.0,0.0,0.0,1.0,984.0,1000.0
win,Josh Emmett,2022-06-18,Josh Emmett,Calvin Kattar,4.283,4.099,1.0,0.8,0.375,0.0,1.0,0.0,0.0,0.0,0.0,0.0,0.0,0.0,1000.0,1000.0
win,Josh Emmett,2021-12-11,Josh Emmett,Dan Ige,4.323,4.018,1.111,0.8,0.429,0.0,1.0,0.0,0.0,0.0,0.0,0.0,0.0,0.0,1173.4490496551582,1000.0
win,Josh Emmett,2020-06-20,Josh Emmett,Shane Burgos,3.631,3.263,1.125,0.8,0.5,0.0,1.0,0.0,0.0,0.0,0.0,0.0,0.0,0.0,984.0,1000.0
win,Josh Emmett,2019-07-13,Josh Emmett,Mirsad Bektic,3.503,3.315,1.286,0.6,0.4,0.0,1.0,4.506,2.103,4.0,0.0,0.0,0.0,1.0,1216.363617049819,1000.0
win,Josh Emmett,2019-03-30,Josh Emmett,Michael Johnson,3.894,3.641,1.5,0.6,0.25,0.0,1.0,6.109,2.443,0.0,0.0,0.0,0.0,1.0,1000.0,1000.0
loss,Jeremy Stephens,2018-02-24,Josh Emmett,Jeremy Stephens,4.012,3.641,1.8,0.8,0.25,0.0,1.0,2.444,2.162,0.333,0.333,0.0,0.0,1.0,1032.0,1008.0
win,Josh Emmett,2017-12-16,Josh Emmett,Ricardo Lamas,4.15,3.633,2.25,0.75,0.0,0.0,1.0,0.0,0.0,0.0,0.0,0.0,0.0,0.0,1000.0,1000.0
win,Josh Emmett,2017-10-21,Josh Emmett,Felipe Arantes,4.044,3.889,2.667,0.667,0.0,0.0,1.0,0.0,0.0,0.0,0.0,0.0,0.0,0.0,1000.0,1000.0
loss,Desmond Green,2017-04-08,Josh Emmett,Desmond Green,4.7,3.933,4.0,1.0,0.0,0.0,1.0,0.0,0.0,0.0,0.0,0.0,0.0,0.0,1000.0,1000.0
win,Josh Emmett,2016-12-17,Josh Emmett,Scott Holtzman,3.6,3.533,0.0,1.0,0.0,0.0,1.0,0.0,0.0,0.0,0.0,0.0,0.0,0.0,1000.0,1000.0
win,Josh Emmett,2016-05-08,Josh Emmett,Jon Tuck,0.0,0.0,0.0,0.0,0.0,0.0,0.0,0.0,0.0,0.0,0.0,0.0,0.0,0.0,1000.0,1015.1454531934874
loss,Manuel Torres,2021-10-26,Kolton Englund,Manuel Torres,0.0,0.0,0.0,0.0,0.0,0.0,0.0,0.0,0.0,0.0,0.0,0.0,0.0,0.0,1008.0,1000.0
loss,Danny Roberts,2018-03-17,Oliver Enkamp,Danny Roberts,2.267,3.8,1.0,0.0,0.0,0.0,1.0,0.0,0.0,0.0,0.0,0.0,0.0,0.0,1008.0,1000.0
loss,Nordine Taleb,2017-05-28,Oliver Enkamp,Nordine Taleb,0.0,0.0,0.0,0.0,0.0,0.0,0.0,0.0,0.0,0.0,0.0,0.0,0.0,0.0,968.0,1000.0
win,Kenny Ento,2006-08-17,Kenny Ento,Mario Rivera,0.0,0.0,0.0,0.0,0.0,0.0,0.0,0.0,0.0,0.0,0.0,0.0,0.0,0.0,1185.5904831310193,1000.0
loss,Alejandro Perez,2016-04-10,Ian Entwistle,Alejandro Perez,0.216,3.453,0.0,0.5,0.0,1.0,1.0,0.0,0.0,0.0,0.0,0.0,0.0,0.0,932.0,1000.0
win,Ian Entwistle,2014-12-13,Ian Entwistle,Anthony Birchak,0.28,3.364,0.0,0.0,0.0,0.0,1.0,0.0,0.0,0.0,0.0,0.0,0.0,0.0,1016.0,989.4403040108818
loss,Dan Hooker,2014-06-28,Ian Entwistle,Dan Hooker,0.0,0.0,0.0,0.0,0.0,0.0,0.0,0.0,0.0,0.0,0.0,0.0,0.0,0.0,1184.781801543928,1000.0
loss,Thiago Santos,2015-01-31,Andy Enz,Thiago Santos,3.7,5.0,0.0,0.0,0.0,0.0,1.0,0.0,0.0,0.0,0.0,0.0,0.0,0.0,992.0,1000.0
loss,Marcelo Guimaraes,2014-06-28,Andy Enz,Marcelo Guimaraes,4.6,4.8,0.0,0.0,0.0,0.0,1.0,0.0,0.0,0.0,0.0,0.0,0.0,0.0,1056.0,1000.0
loss,Clint Hester,2014-02-01,Andy Enz,Clint Hester,0.0,0.0,0.0,0.0,0.0,0.0,0.0,0.0,0.0,0.0,0.0,0.0,0.0,0.0,992.0,1016.0
loss,Eoh Jason Black,2006-06-04,Won Jin,Eoh Jason Black,0.0,0.0,0.0,0.0,0.0,0.0,0.0,0.0,0.0,0.0,0.0,0.0,0.0,0.0,1171.847075435853,990.0462730661084
loss,Dom Mar Fan,2025-05-23,Yuji Ephoevi-Ga,Dom Mar Fan,0.0,0.0,0.0,0.0,0.0,0.0,0.0,0.0,0.0,0.0,0.0,0.0,0.0,0.0,1015.1454531934874,1000.0
loss,JW Wright,2010-12-04,Josh Epps,JW Wright,0.0,0.0,0.0,0.0,0.0,0.0,0.0,0.0,0.0,0.0,0.0,0.0,0.0,0.0,1000.0,1000.0
loss,Torrez Finney,2024-10-01,Abdellah Er-Ramy,Torrez Finney,0.0,0.0,0.0,0.0,0.0,0.0,0.0,0.0,0.0,0.0,0.0,0.0,0.0,0.0,1000.0,1000.0
win,Steve Erceg,2025-08-09,Steve Erceg,Ode Osbourne,4.447,4.034,0.833,0.4,0.333,0.0,1.0,0.0,0.0,0.0,0.0,0.0,0.0,0.0,983.650828,1000.0
loss,Brandon Moreno,2025-03-29,Steve Erceg,Brandon Moreno,4.372,4.217,1.0,0.6,0.333,0.0,1.0,0.0,0.0,0.0,0.0,0.0,0.0,0.0,1201.2181638563316,1000.0
loss,Kai Kara-France,2024-08-17,Steve Erceg,Kai Kara-France,4.517,4.203,1.25,0.75,0.333,0.0,1.0,0.0,0.0,0.0,0.0,0.0,0.0,0.0,1016.0,1000.0
loss,Alexandre Pantoja,2024-05-04,Steve Erceg,Alexandre Pantoja,4.572,3.641,1.333,1.0,0.333,0.0,1.0,0.0,0.0,0.0,0.0,0.0,0.0,0.0,1096.0,1000.0
win,Steve Erceg,2024-03-02,Steve Erceg,Matt Schnell,4.267,3.567,2.0,1.0,0.0,0.0,1.0,2.169,3.614,0.0,1.0,0.0,1.0,1.0,980.0,1000.0
win,Steve Erceg,2023-11-11,Steve Erceg,Alessandro Costa,3.6,3.533,3.0,1.0,0.0,0.0,1.0,0.0,0.0,0.0,0.0,0.0,0.0,0.0,1000.0,1000.0
win,Steve Erceg,2023-06-10,Steve Erceg,David Dvorak,0.0,0.0,0.0,0.0,0.0,0.0,0.0,4.533,3.333,0.0,1.0,0.0,0.0,1.0,992.0,1008.0
loss,Fabricio Werdum,2005-02-20,Tom Erikson,Fabricio Werdum,1.789,0.7,1.0,0.75,0.0,0.667,1.0,0.0,0.0,0.0,0.0,0.0,0.0,0.0,1000.0,1000.0
win,Tom Erikson,2002-02-24,Tom Erikson,Tim Catalfo,1.902,0.735,1.0,0.667,0.0,0.5,1.0,0.0,0.0,0.0,0.0,0.0,0.0,0.0,1008.0,1000.0
win,Tom Erikson,2001-11-03,Tom Erikson,Matt Skelton,2.02,0.799,1.0,0.5,0.0,0.0,1.0,0.0,0.0,0.0,0.0,0.0,0.0,0.0,1198.5818169501906,1000.0
loss,Heath Herring,2000-10-31,Tom Erikson,Heath Herring,2.467,0.8,1.0,1.0,0.0,0.0,1.0,0.0,0.0,0.0,0.0,0.0,0.0,0.0,992.0,1000.0
win,Tom Erikson,1999-11-21,Tom Erikson,Gary Goodridge,0.0,0.0,0.0,0.0,0.0,0.0,0.0,0.0,0.0,0.0,0.0,0.0,0.0,0.0,967.3016560000001,984.0
loss,Gabriel Gonzaga,2015-12-11,Konstantin Erokhin,Gabriel Gonzaga,1.133,2.333,0.0,0.0,0.0,0.0,1.0,0.0,0.0,0.0,0.0,0.0,0.0,0.0,1000.0,1000.0
loss,Viktor Pesta,2015-01-24,Konstantin Erokhin,Viktor Pesta,0.0,0.0,0.0,0.0,0.0,0.0,0.0,0.0,0.0,0.0,0.0,0.0,0.0,0.0,1030.2909063869747,1000.0
loss,Lerryan Douglas,2026-03-28,Julian Erosa,Lerryan Douglas,6.493,6.259,0.85,0.8,0.417,0.333,1.0,0.0,0.0,0.0,0.0,0.0,0.0,0.0,1000.0,1009.0
loss,Melquizael Costa,2025-05-17,Julian Erosa,Melquizael Costa,6.697,6.201,0.737,0.8,0.417,0.333,1.0,0.0,0.0,0.0,0.0,0.0,0.0,0.0,968.0,1000.0
win,Julian Erosa,2025-04-12,Julian Erosa,Darren Elkins,6.306,6.405,0.824,0.6,0.3,0.4,1.0,3.399,3.22,2.276,0.6,0.211,0.158,1.0,1008.0,1000.0
win,Julian Erosa,2024-07-13,Julian Erosa,Christian Rodriguez,6.269,6.388,0.812,0.6,0.333,0.333,1.0,0.0,0.0,0.0,0.0,0.0,0.0,0.0,1008.0,1000.0
win,Julian Erosa,2024-03-23,Julian Erosa,Ricardo Ramos,6.351,6.448,0.867,0.6,0.375,0.25,1.0,0.0,0.0,0.0,0.0,0.0,0.0,0.0,1024.0,1000.0
loss,Fernando Padilla,2023-04-29,Julian Erosa,Fernando Padilla,6.315,6.373,0.929,0.6,0.375,0.25,1.0,0.0,0.0,0.0,0.0,0.0,0.0,0.0,1184.6810897636772,992.0
loss,Alex Caceres,2022-12-17,Julian Erosa,Alex Caceres,6.394,6.403,1.0,0.8,0.375,0.25,1.0,6.8,1.6,0.0,1.0,0.0,0.0,1.0,1000.0,1000.0
win,Julian Erosa,2022-09-10,Julian Erosa,Hakeem Dawodu,6.432,6.615,0.917,0.8,0.429,0.286,1.0,2.6,2.8,0.0,0.0,0.0,0.0,1.0,1000.0,1000.0
win,Julian Erosa,2022-02-05,Julian Erosa,Steven Peterson,5.772,6.065,0.727,0.6,0.5,0.333,1.0,0.0,0.0,0.0,0.0,0.0,0.0,0.0,1009.0,1008.0
win,Julian Erosa,2021-09-04,Julian Erosa,Charles Jourdain,5.398,5.979,0.6,0.4,0.6,0.2,1.0,0.0,0.0,0.0,0.0,0.0,0.0,0.0,1000.0,987.858566524139
loss,SeungWoo Choi,2021-06-19,Julian Erosa,SeungWoo Choi,5.381,5.934,0.667,0.4,0.6,0.2,1.0,1.733,3.333,0.0,0.0,0.0,0.0,1.0,1016.0,1000.0
win,Julian Erosa,2021-02-20,Julian Erosa,Nate Landwehr,5.245,5.887,0.75,0.4,0.5,0.25,1.0,7.867,8.067,0.0,1.0,0.0,0.0,1.0,1000.0,1000.0
win,Julian Erosa,2020-06-27,Julian Erosa,Sean Woodson,4.646,5.373,0.429,0.4,0.667,0.0,1.0,0.0,0.0,0.0,0.0,0.0,0.0,0.0,1164.0,1000.0
loss,Julio Arce,2019-05-18,Julian Erosa,Julio Arce,4.89,5.158,0.5,0.4,0.667,0.0,1.0,0.0,0.0,0.0,0.0,0.0,0.0,0.0,1016.0,1000.0
loss,Grant Dawson,2019-03-09,Julian Erosa,Grant Dawson,5.614,5.762,0.6,0.6,0.667,0.0,1.0,0.0,0.0,0.0,0.0,0.0,0.0,0.0,989.4403040108818,987.0086661808286
loss,Devonte Smith,2018-11-10,Julian Erosa,Devonte Smith,5.623,5.502,0.75,0.75,0.667,0.0,1.0,0.0,0.0,0.0,0.0,0.0,0.0,0.0,1000.0,1000.0
win,Julian Erosa,2018-06-26,Julian Erosa,Jamall Emmers,3.744,3.841,1.5,0.5,0.0,0.0,1.0,0.0,0.0,0.0,0.0,0.0,0.0,0.0,984.0,1000.0
loss,Teruto Ishihara,2016-03-05,Julian Erosa,Teruto Ishihara,4.067,3.467,2.0,1.0,0.0,0.0,1.0,0.0,0.0,0.0,0.0,0.0,0.0,0.0,992.0,1000.0
win,Julian Erosa,2015-12-11,Julian Erosa,Marcin Wrzosek,0.0,0.0,0.0,0.0,0.0,0.0,0.0,0.0,0.0,0.0,0.0,0.0,0.0,0.0,1016.0,1023.0
loss,Youssef Zalal,2024-08-10,Jarno Errens,Youssef Zalal,3.444,3.356,0.0,0.333,0.0,0.0,1.0,0.0,0.0,0.0,0.0,0.0,0.0,0.0,992.0,1000.0
win,Jarno Errens,2024-03-23,Jarno Errens,Steven Nguyen,1.667,2.933,0.0,0.0,0.0,0.0,1.0,0.0,0.0,0.0,0.0,0.0,0.0,0.0,945.0,1000.0
loss,SeungWoo Choi,2023-08-26,Jarno Errens,SeungWoo Choi,1.333,2.133,0.0,0.0,0.0,0.0,1.0,2.347,3.611,0.0,0.5,1.0,0.0,1.0,1008.0,1000.0
loss,William Gomis,2022-09-03,Jarno Errens,William Gomis,0.0,0.0,0.0,0.0,0.0,0.0,0.0,0.0,0.0,0.0,0.0,0.0,0.0,0.0,1008.0,1000.0
loss,Jimmy Crute,2025-09-27,Ivan Erslan,Jimmy Crute,2.5,5.167,0.5,0.0,0.0,0.0,1.0,0.0,0.0,0.0,0.0,0.0,0.0,0.0,991.871941840935,988.6528659104102
loss,Navajo Stirling,2025-05-10,Ivan Erslan,Navajo Stirling,2.6,3.0,1.0,0.0,0.0,0.0,1.0,0.0,0.0,0.0,0.0,0.0,0.0,0.0,1171.1934134802198,1000.0
loss,Ion Cutelaba,2024-09-28,Ivan Erslan,Ion Cutelaba,0.0,0.0,0.0,0.0,0.0,0.0,0.0,0.0,0.0,0.0,0.0,0.0,0.0,0.0,1175.48,1041.0
loss,Richard Crunkilton,2006-01-13,Nick Ertl,Richard Crunkilton,2.133,2.533,3.0,1.0,0.0,0.0,1.0,0.0,0.0,0.0,0.0,0.0,0.0,0.0,1184.573131601735,1000.0
win,Nick Ertl,2004-08-20,Nick Ertl,Nam Phan,0.0,0.0,0.0,0.0,0.0,0.0,0.0,0.0,0.0,0.0,0.0,0.0,0.0,0.0,1032.0,1000.0
win,Bobby Escalante,2011-04-01,Bobby Escalante,Raul Sandoval,0.0,0.0,0.0,0.0,0.0,0.0,0.0,0.0,0.0,0.0,0.0,0.0,0.0,0.0,968.0,1000.0
win,Eric Esch,2007-04-08,Eric Esch,Wagner da Conceicao Martins,2.449,2.245,0.0,0.5,1.0,0.0,1.0,0.0,30.0,0.0,0.0,0.0,0.0,1.0,1000.0,1000.0
win,Eric Esch,2006-10-21,Eric Esch,Sean O'Haire,0.226,1.585,0.0,0.0,0.0,0.0,1.0,0.0,0.0,0.0,0.0,0.0,0.0,0.0,1009.0,1028.0
loss,Ikuhisa Minowa,2006-08-27,Eric Esch,Ikuhisa Minowa,0.0,0.0,0.0,0.0,0.0,0.0,0.0,0.0,0.0,0.0,0.0,0.0,0.0,0.0,1016.0,1000.0
win,Pro Escobedo,2010-05-21,Pro Escobedo,Jason Sharp,0.0,0.0,0.0,0.0,0.0,0.0,0.0,0.0,0.0,0.0,0.0,0.0,0.0,0.0,991.0,1000.0
loss,Alex Caceres,2011-11-12,Cole Escovedo,Alex Caceres,1.705,3.411,0.0,0.4,1.0,0.0,1.0,0.0,0.0,0.0,0.0,0.0,0.0,0.0,1008.0,1000.0
loss,Takeya Mizugaki,2011-09-24,Cole Escovedo,Takeya Mizugaki,1.442,2.636,0.0,0.6,1.0,0.0,1.0,0.0,0.0,0.0,0.0,0.0,0.0,0.0,1052.2909063869747,1000.0
loss,Renan Barao,2011-05-28,Cole Escovedo,Renan Barao,1.222,2.444,0.0,0.6,1.0,0.0,1.0,0.0,0.0,0.0,0.0,0.0,0.0,0.0,1000.0,1000.0
loss,Michihiro Omigawa,2010-09-25,Cole Escovedo,Michihiro Omigawa,1.288,2.609,0.0,0.6,1.0,0.0,1.0,0.0,0.0,0.0,0.0,0.0,0.0,0.0,1171.6530123896134,1000.0
win,Cole Escovedo,2010-03-22,Cole Escovedo,Yoshiro Maeda,1.155,2.555,0.0,0.5,1.0,0.0,1.0,0.0,0.0,0.0,0.0,0.0,0.0,0.0,982.0,1000.0
win,Cole Escovedo,2009-11-06,Cole Escovedo,Maurice Eazel,1.32,2.92,0.0,0.0,0.0,0.0,1.0,0.0,0.0,0.0,0.0,0.0,0.0,0.0,1009.0,1000.0
loss,Antonio Banuelos,2006-08-17,Cole Escovedo,Antonio Banuelos,0.9,3.7,0.0,0.0,0.0,0.0,1.0,0.0,0.0,0.0,0.0,0.0,0.0,0.0,1000.0,1000.0
loss,Urijah Faber,2006-03-17,Cole Escovedo,Urijah Faber,0.0,0.0,0.0,0.0,0.0,0.0,0.0,0.0,0.0,0.0,0.0,0.0,0.0,0.0,976.0,1000.0
loss,Kevin Lee,2016-04-23,Efrain Escudero,Kevin Lee,2.726,2.084,1.091,0.4,0.2,0.2,1.0,0.0,0.0,0.0,0.0,0.0,0.0,0.0,1008.0,1000.0
loss,Leandro Silva,2015-11-21,Efrain Escudero,Leandro Silva,2.868,2.052,1.0,0.4,0.2,0.2,1.0,0.0,0.0,0.0,0.0,0.0,0.0,0.0,990.0,1008.0
win,Efrain Escudero,2015-06-13,Efrain Escudero,Drew Dober,2.881,2.068,1.111,0.2,0.25,0.0,1.0,0.0,0.0,0.0,0.0,0.0,0.0,0.0,1159.2098745366043,1000.0
win,Efrain Escudero,2015-02-14,Efrain Escudero,Rodrigo de Lima,2.388,2.136,1.0,0.2,0.333,0.0,1.0,0.0,0.0,0.0,0.0,0.0,0.0,0.0,964.0,1000.0
loss,Leonardo Santos,2014-09-13,Efrain Escudero,Leonardo Santos,2.307,2.091,1.143,0.2,0.333,0.0,1.0,0.0,0.0,0.0,0.0,0.0,0.0,0.0,1008.0,992.0
loss,Mac Danzig,2012-04-21,Efrain Escudero,Mac Danzig,2.014,1.603,1.333,0.4,0.333,0.0,1.0,0.0,0.0,0.0,0.0,0.0,0.0,0.0,1000.0,977.0
loss,Jacob Volkmann,2011-12-30,Efrain Escudero,Jacob Volkmann,2.414,1.724,1.6,0.6,0.333,0.0,1.0,0.0,0.0,0.0,0.0,0.0,0.0,0.0,995.0910177714599,1000.0
loss,Charles Oliveira,2010-09-15,Efrain Escudero,Charles Oliveira,2.786,1.426,2.0,0.75,0.333,0.0,1.0,4.39,0.0,0.0,1.0,0.0,1.0,1.0,984.0,1000.0
win,Efrain Escudero,2010-05-29,Efrain Escudero,Dan Lauzon,2.06,1.569,2.667,0.667,0.5,0.0,1.0,0.0,0.0,0.0,0.0,0.0,0.0,0.0,938.0,1000.0
loss,Evan Dunham,2010-01-11,Efrain Escudero,Evan Dunham,1.989,1.398,4.0,1.0,0.5,0.0,1.0,5.865,4.06,0.0,1.0,1.0,0.0,1.0,1015.2909063869747,1000.0
win,Efrain Escudero,2009-09-19,Efrain Escudero,Cole Miller,1.8,1.333,7.0,1.0,0.0,0.0,1.0,0.0,0.0,0.0,0.0,0.0,0.0,0.0,1016.0,1000.0
win,Efrain Escudero,2008-12-13,Efrain Escudero,Phillipe Nover,0.0,0.0,0.0,0.0,0.0,0.0,0.0,0.0,0.0,0.0,0.0,0.0,0.0,0.0,1016.0,1000.0
loss,Alvin Cacdac,2008-02-01,Evan Esguerra,Alvin Cacdac,0.0,0.0,0.0,0.0,0.0,0.0,1.0,0.0,0.0,0.0,0.0,0.0,0.0,0.0,952.0,1000.0
nc,Draw,2007-11-16,Evan Esguerra,Chris Drumm,0.0,0.0,0.0,0.0,0.0,0.0,0.0,0.0,0.0,0.0,0.0,0.0,0.0,0.0,1159.6373015223405,1000.0
loss,Tecia Pennington,2024-10-05,Carla Esparza,Tecia Pennington,2.164,2.694,3.0,0.8,0.1,0.1,1.0,0.0,0.0,0.0,0.0,0.0,0.0,0.0,1008.0,1000.0
loss,Zhang Weili,2022-11-12,Carla Esparza,Zhang Weili,2.199,2.593,3.143,1.0,0.1,0.1,1.0,0.0,0.0,0.0,0.0,0.0,0.0,0.0,1008.0,1000.0
win,Carla Esparza,2022-05-07,Carla Esparza,Rose Namajunas,2.34,2.749,3.231,1.0,0.111,0.111,1.0,2.449,3.673,1.0,0.0,0.0,0.0,1.0,1023.0,1000.0
win,Carla Esparza,2021-05-22,Carla Esparza,Yan Xiaonan,2.291,2.848,3.25,0.8,0.0,0.125,1.0,0.0,0.0,0.0,0.0,0.0,0.0,0.0,1008.0,1000.0
win,Carla Esparza,2020-07-25,Carla Esparza,Marina Rodriguez,2.299,2.866,3.091,0.6,0.0,0.143,1.0,0.0,0.0,0.0,0.0,0.0,0.0,0.0,1016.0,1008.0
win,Carla Esparza,2020-05-09,Carla Esparza,Michelle Waterson-Gomez,2.224,2.859,3.3,0.6,0.0,0.167,1.0,0.0,0.0,0.0,0.0,0.0,0.0,0.0,1000.0,1000.0
win,Carla Esparza,2019-09-21,Carla Esparza,Alexa Grasso,2.139,2.842,3.222,0.6,0.0,0.2,1.0,0.0,0.0,0.0,0.0,0.0,0.0,0.0,1000.0,1000.0
win,Carla Esparza,2019-04-27,Carla Esparza,Virna Jandiroba,2.204,3.074,3.125,0.4,0.0,0.25,1.0,0.0,0.0,0.0,0.0,0.0,0.0,0.0,1148.065183319042,1000.0
loss,Tatiana Suarez,2018-09-08,Carla Esparza,Tatiana Suarez,2.476,2.685,3.571,0.6,0.0,0.25,1.0,0.0,0.0,0.0,0.0,0.0,0.0,0.0,1000.0,1000.0
loss,Claudia Gadelha,2018-06-09,Carla Esparza,Claudia Gadelha,2.403,2.862,3.833,0.6,0.0,0.25,1.0,0.0,0.0,0.0,0.0,0.0,0.0,0.0,1008.0,1000.0
win,Carla Esparza,2017-12-30,Carla Esparza,Cynthia Calvillo,2.222,2.937,4.2,0.6,0.0,0.333,1.0,0.0,0.0,0.0,0.0,0.0,0.0,0.0,1000.0,1000.0
win,Carla Esparza,2017-06-25,Carla Esparza,Maryna Moroz,2.09,3.056,3.75,0.5,0.0,0.5,1.0,0.0,0.0,0.0,0.0,0.0,0.0,0.0,1030.5818127739494,1000.0
loss,Randa Markos,2017-02-19,Carla Esparza,Randa Markos,2.072,2.996,3.667,0.667,0.0,0.5,1.0,0.0,0.0,0.0,0.0,0.0,0.0,0.0,992.0,1000.0
win,Carla Esparza,2016-04-23,Carla Esparza,Juliana Lima,2.22,3.91,3.0,0.5,0.0,1.0,1.0,0.0,0.0,0.0,0.0,0.0,0.0,0.0,1032.0,1000.064
loss,Joanna Jedrzejczyk,2015-03-14,Carla Esparza,Joanna Jedrzejczyk,3.673,2.449,5.0,1.0,0.0,1.0,1.0,0.0,0.0,0.0,0.0,0.0,0.0,0.0,1170.8119126289043,1000.0
win,Carla Esparza,2014-12-12,Carla Esparza,Rose Namajunas,0.0,0.0,0.0,0.0,0.0,0.0,0.0,0.0,0.0,0.0,0.0,0.0,0.0,0.0,1008.0,1000.0
loss,Alexandr Romanov,2021-04-17,Juan Espino,Alexandr Romanov,4.324,0.541,3.5,1.0,0.0,1.0,1.0,0.0,0.0,0.0,0.0,0.0,0.0,0.0,1016.0,1000.0
win,Juan Espino,2020-09-26,Juan Espino,Jeff Hughes,6.111,1.111,2.0,1.0,0.0,1.0,1.0,0.0,0.0,0.0,0.0,0.0,0.0,0.0,1000.0,1011.1446912175624
win,Juan Espino,2018-11-30,Juan Espino,Justin Frazier,0.0,0.0,0.0,0.0,0.0,0.0,0.0,0.0,0.0,0.0,0.0,0.0,0.0,0.0,982.0,1000.0
loss,Tim Elliott,2021-03-06,Jordan Espinosa,Tim Elliott,4.994,3.232,0.571,0.4,0.25,0.25,1.0,3.505,2.636,3.214,0.4,0.0,0.2,1.0,982.0,1000.0
loss,David Dvorak,2020-09-19,Jordan Espinosa,David Dvorak,5.489,2.844,0.667,0.6,0.25,0.25,1.0,0.0,0.0,0.0,0.0,0.0,0.0,0.0,1184.8936,1000.0
win,Jordan Espinosa,2020-06-13,Jordan Espinosa,Mark De La Rosa,4.251,3.004,0.4,0.6,0.333,0.333,1.0,0.299,1.796,0.0,0.0,0.0,0.0,1.0,1016.0,1000.0
loss,Alex Perez,2020-01-25,Jordan Espinosa,Alex Perez,4.521,3.177,0.5,0.75,0.333,0.333,1.0,0.0,0.0,0.0,0.0,0.0,0.0,0.0,1032.0,1000.0
loss,Matt Schnell,2019-08-03,Jordan Espinosa,Matt Schnell,4.561,3.222,0.667,1.0,0.333,0.333,1.0,0.0,0.0,0.0,0.0,0.0,0.0,0.0,1055.0,1000.0
win,Jordan Espinosa,2019-03-23,Jordan Espinosa,Eric Shelton,5.872,4.648,0.5,1.0,0.5,0.5,1.0,0.0,0.0,0.0,0.0,0.0,0.0,0.0,1184.8936,1000.0
win,Jordan Espinosa,2018-07-10,Jordan Espinosa,Rilley Dutro,5.06,3.614,0.0,1.0,0.0,1.0,1.0,0.0,0.0,0.0,0.0,0.0,0.0,0.0,1011.1446912175624,992.0
win,Jordan Espinosa,2017-08-22,Jordan Espinosa,Nick Urso,0.0,0.0,0.0,0.0,0.0,0.0,0.0,0.0,0.0,0.0,0.0,0.0,0.0,0.0,984.0,1000.0
loss,Hannah Cifers,2019-08-17,Jodie Esquibel,Hannah Cifers,4.511,8.267,0.0,0.0,0.0,0.0,1.0,0.0,0.0,0.0,0.0,0.0,0.0,0.0,1000.0,1008.0
loss,Angela Hill,2019-04-27,Jodie Esquibel,Angela Hill,4.867,8.5,0.0,0.0,0.0,0.0,1.0,0.0,0.0,0.0,0.0,0.0,0.0,0.0,1158.429746151375,1000.0
loss,Jessica Aguilar,2018-07-14,Jodie Esquibel,Jessica Aguilar,4.333,8.467,0.0,0.0,0.0,0.0,1.0,0.0,0.0,0.0,0.0,0.0,0.0,0.0,1000.0,1000.0
loss,Karolina Kowalkiewicz,2017-10-21,Jodie Esquibel,Karolina Kowalkiewicz,0.0,0.0,0.0,0.0,0.0,0.0,0.0,0.0,0.0,0.0,0.0,0.0,0.0,0.0,986.0,1000.0
loss,Ethyn Ewing,2026-04-04,Rafael Estevam,Ethyn Ewing,2.641,2.323,4.6,1.0,0.4,0.0,1.0,5.667,5.133,3.0,1.0,0.0,0.0,1.0,992.0,1000.0
win,Rafael Estevam,2025-08-02,Rafael Estevam,Felipe Bunes,2.788,2.52,4.5,1.0,0.5,0.0,1.0,0.0,0.0,0.0,0.0,0.0,0.0,0.0,992.0,1000.0
win,Rafael Estevam,2025-02-15,Rafael Estevam,Jesus Aguilar,3.821,2.615,2.333,1.0,0.667,0.0,1.0,0.0,0.0,0.0,0.0,0.0,0.0,0.0,992.0,1008.0
win,Rafael Estevam,2023-11-18,Rafael Estevam,Charles Johnson,6.472,0.404,2.0,1.0,1.0,0.0,1.0,0.0,0.0,0.0,0.0,0.0,0.0,0.0,1018.0,1000.0
win,Rafael Estevam,2022-09-27,Rafael Estevam,Joao Elias,0.0,0.0,0.0,0.0,0.0,0.0,0.0,0.0,0.0,0.0,0.0,0.0,0.0,0.0,1052.5818127739494,1008.0
loss,Maheshate,2021-11-02,Achilles Estremadura,Maheshate,0.0,0.0,0.0,0.0,0.0,0.0,0.0,0.0,0.0,0.0,0.0,0.0,0.0,0.0,1000.0,980.0
loss,Takeru Uchida,2022-06-09,Shaun Etchell,Takeru Uchida,0.0,0.0,0.0,0.0,0.0,0.0,0.0,0.0,0.0,0.0,0.0,0.0,0.0,0.0,1000.0,1000.0
loss,Renee Forte,2013-02-16,Terry Etim,Renee Forte,2.378,2.433,0.3,0.6,0.167,0.667,1.0,0.0,0.0,0.0,0.0,0.0,0.0,0.0,1000.0,1000.0
loss,Edson Barboza,2012-01-14,Terry Etim,Edson Barboza,2.412,2.209,0.111,0.8,0.167,0.667,1.0,0.0,0.0,0.0,0.0,0.0,0.0,0.0,1158.855078744881,1016.0
win,Terry Etim,2011-11-05,Terry Etim,Edward Faaloloto,2.357,2.217,0.125,0.8,0.2,0.6,1.0,0.0,0.0,0.0,0.0,0.0,0.0,0.0,1000.0,1000.0
loss,Rafael Dos Anjos,2010-04-10,Terry Etim,Rafael Dos Anjos,2.58,2.159,0.143,0.8,0.2,0.6,1.0,3.467,1.8,2.0,1.0,0.0,0.0,1.0,1169.5198283819711,977.3202169002262
win,Terry Etim,2009-11-14,Terry Etim,Shannon Gugerty,2.572,2.204,0.167,0.6,0.25,0.5,1.0,0.0,0.0,0.0,0.0,0.0,0.0,0.0,1008.0,1000.0
win,Terry Etim,2009-06-13,Terry Etim,Justin Buchholz,2.438,2.092,0.2,0.6,0.333,0.333,1.0,0.0,0.0,0.0,0.0,0.0,0.0,0.0,992.0,992.0
win,Terry Etim,2009-02-21,Terry Etim,Brian Cobb,2.309,2.309,0.0,0.5,0.0,0.5,1.0,0.0,0.0,0.0,0.0,0.0,0.0,0.0,1000.0,1000.0
win,Terry Etim,2008-10-18,Terry Etim,Sam Stout,1.322,1.724,0.0,0.333,0.0,1.0,1.0,2.2,1.333,0.0,1.0,0.0,0.0,1.0,1000.0,1000.0
loss,Rich Clementi,2008-05-24,Terry Etim,Rich Clementi,1.162,2.02,0.0,0.5,0.0,1.0,1.0,2.196,3.613,2.0,0.0,0.0,0.0,1.0,1000.0,1000.0
loss,Gleison Tibau,2007-09-08,Terry Etim,Gleison Tibau,1.042,5.417,0.0,1.0,0.0,1.0,1.0,0.0,0.0,0.0,0.0,0.0,0.0,0.0,992.0,1000.0
win,Terry Etim,2007-04-21,Terry Etim,Matt Grice,0.0,0.0,0.0,0.0,0.0,0.0,0.0,0.0,0.0,0.0,0.0,0.0,0.0,0.0,1000.0,1000.0
loss,Johnny Rhodes,1994-03-11,Fred Ettish,Johnny Rhodes,0.0,0.0,0.0,0.0,0.0,0.0,0.0,0.0,0.0,0.0,0.0,0.0,0.0,0.0,1156.065855578249,1000.0
loss,Melissa Gatto,2021-12-18,Sijara Eubanks,Melissa Gatto,4.555,3.586,1.778,0.6,0.2,0.0,1.0,0.0,0.0,0.0,0.0,0.0,0.0,0.0,1055.0,992.0
win,Sijara Eubanks,2021-07-24,Sijara Eubanks,Elise Reed,4.517,3.692,1.875,0.4,0.0,0.0,1.0,0.0,0.0,0.0,0.0,0.0,0.0,0.0,1094.0,992.0
loss,Pannie Kianzad,2020-12-19,Sijara Eubanks,Pannie Kianzad,4.695,3.343,1.857,0.4,0.0,0.0,1.0,0.0,0.0,0.0,0.0,0.0,0.0,0.0,1000.0,1000.0
loss,Ketlen Vieira,2020-09-26,Sijara Eubanks,Ketlen Vieira,4.711,3.144,2.167,0.6,0.0,0.0,1.0,4.733,4.533,1.0,1.0,0.0,0.0,1.0,980.0,1000.0
win,Sijara Eubanks,2020-09-12,Sijara Eubanks,Julia Avila,4.947,3.32,2.0,0.6,0.0,0.0,1.0,0.0,0.0,0.0,0.0,0.0,0.0,0.0,1020.5818127739494,1000.0
win,Sijara Eubanks,2020-05-13,Sijara Eubanks,Sarah Moras,4.767,3.417,2.0,0.5,0.0,0.0,1.0,1.053,1.053,0.0,1.0,0.0,1.0,1.0,1008.0,1000.0
loss,Bethe Correia,2019-09-21,Sijara Eubanks,Bethe Correia,4.644,3.244,2.333,0.667,0.0,0.0,1.0,3.267,3.467,0.0,1.0,0.0,0.0,1.0,968.0,1000.0
loss,Aspen Ladd,2019-05-18,Sijara Eubanks,Aspen Ladd,4.4,2.567,2.5,1.0,0.0,0.0,1.0,14.563,2.621,0.0,1.0,1.0,0.0,1.0,1000.0,1000.0
win,Sijara Eubanks,2018-11-03,Sijara Eubanks,Roxanne Modafferi,5.0,3.267,2.0,1.0,0.0,0.0,1.0,0.0,0.0,0.0,0.0,0.0,0.0,0.0,1008.0,1000.0
win,Sijara Eubanks,2018-06-01,Sijara Eubanks,Lauren Murphy,0.0,0.0,0.0,0.0,0.0,0.0,0.0,0.0,0.0,0.0,0.0,0.0,0.0,0.0,1197.836152,1008.0
loss,KJ Noons,2011-12-17,Billy Evangelista,KJ Noons,2.405,2.099,0.778,0.6,0.286,0.0,1.0,11.25,5.0,0.0,1.0,1.0,0.0,1.0,1000.0,1000.0
loss,Jorge Masvidal,2011-03-05,Billy Evangelista,Jorge Masvidal,2.458,1.844,0.75,0.8,0.286,0.0,1.0,0.0,0.0,0.0,0.0,0.0,0.0,0.0,1000.0,1000.0
win,Billy Evangelista,2010-10-22,Billy Evangelista,Waachiim Spiritwolf,2.914,2.185,0.857,0.8,0.333,0.0,1.0,0.0,0.0,0.0,0.0,0.0,0.0,0.0,1008.0,961.0
win,Billy Evangelista,2009-11-06,Billy Evangelista,Jorge Gurgel,3.576,2.682,1.0,0.8,0.4,0.0,1.0,0.0,0.0,0.0,0.0,0.0,0.0,0.0,1000.0,1000.0
nc,Draw,2009-05-15,Billy Evangelista,Mike Aina,4.119,3.089,1.2,1.0,0.4,0.0,1.0,0.0,0.0,0.0,0.0,0.0,0.0,0.0,1000.0,1000.0
win,Billy Evangelista,2008-10-03,Billy Evangelista,Luke Caudillo,3.57,3.381,1.25,1.0,0.5,0.0,1.0,0.0,0.0,0.0,0.0,0.0,0.0,0.0,1008.0,992.0
win,Billy Evangelista,2008-06-27,Billy Evangelista,Nam Phan,3.077,2.711,0.333,1.0,0.667,0.0,1.0,2.533,2.133,0.0,0.0,0.0,0.0,1.0,1100.0,1000.0
win,Billy Evangelista,2008-03-29,Billy Evangelista,Marlon Sims,5.045,4.444,0.5,1.0,0.5,0.0,1.0,0.0,0.0,0.0,0.0,0.0,0.0,0.0,1148.8552232327393,1016.0
win,Billy Evangelista,2007-09-29,Billy Evangelista,Clint Coronel,0.0,0.0,0.0,1.0,1.0,0.0,1.0,0.0,0.0,0.0,0.0,0.0,0.0,0.0,1166.9904654687266,1000.0
win,Billy Evangelista,2007-02-10,Billy Evangelista,Isaiah Hill,0.0,0.0,0.0,0.0,0.0,0.0,0.0,0.0,0.0,0.0,0.0,0.0,0.0,0.0,1041.0,1008.0
loss,Anthony Smith,2018-06-09,Rashad Evans,Anthony Smith,2.138,2.407,2.52,0.2,0.412,0.0,1.0,0.0,0.0,0.0,0.0,0.0,0.0,0.0,1016.0,987.9114709270327
loss,Sam Alvey,2017-08-05,Rashad Evans,Sam Alvey,2.189,2.394,2.542,0.4,0.412,0.0,1.0,0.0,0.0,0.0,0.0,0.0,0.0,0.0,972.0,1000.0
loss,Daniel Kelly,2017-03-04,Rashad Evans,Daniel Kelly,2.118,2.261,2.609,0.4,0.412,0.0,1.0,0.0,0.0,0.0,0.0,0.0,0.0,0.0,992.0,1000.0
loss,Glover Teixeira,2016-04-16,Rashad Evans,Glover Teixeira,2.107,2.255,2.727,0.4,0.412,0.0,1.0,0.0,0.0,0.0,0.0,0.0,0.0,0.0,1211.1246826400002,994.71146936
loss,Ryan Bader,2015-10-03,Rashad Evans,Ryan Bader,2.131,2.187,2.857,0.6,0.412,0.0,1.0,0.0,0.0,0.0,0.0,0.0,0.0,0.0,1008.0,1000.0
win,Rashad Evans,2013-11-16,Rashad Evans,Chael Sonnen,2.089,2.209,2.95,0.6,0.375,0.0,1.0,0.0,0.0,0.0,0.0,0.0,0.0,0.0,1008.0,1000.0
win,Rashad Evans,2013-06-15,Rashad Evans,Dan Henderson,2.058,2.182,3.105,0.6,0.4,0.0,1.0,5.238,1.667,0.0,1.0,1.0,0.0,1.0,1017.0,1000.0
loss,Rogerio Nogueira,2013-02-02,Rashad Evans,Rogerio Nogueira,2.096,2.151,3.222,0.8,0.4,0.0,1.0,0.0,0.0,0.0,0.0,0.0,0.0,0.0,1101.14,1000.0
loss,Jon Jones,2012-04-21,Rashad Evans,Jon Jones,2.131,1.907,3.412,0.8,0.4,0.0,1.0,0.0,0.0,0.0,0.0,0.0,0.0,0.0,1008.0,1000.0
win,Rashad Evans,2012-01-28,Rashad Evans,Phil Davis,2.084,1.89,3.438,0.8,0.429,0.0,1.0,0.0,0.0,0.0,0.0,0.0,0.0,0.0,1000.0,1023.0
win,Rashad Evans,2011-08-06,Rashad Evans,Tito Ortiz,1.927,1.967,3.6,0.8,0.385,0.0,1.0,1.6,1.267,3.0,0.0,0.0,0.0,1.0,987.9114709270327,1000.0
win,Rashad Evans,2010-05-29,Rashad Evans,Quinton Jackson,1.926,2.044,3.643,0.8,0.417,0.0,1.0,5.104,1.701,0.0,1.0,1.0,0.0,1.0,1000.0,1000.0
win,Rashad Evans,2010-01-02,Rashad Evans,Thiago Silva,2.042,2.042,3.308,0.6,0.455,0.0,1.0,0.0,0.0,0.0,0.0,0.0,0.0,0.0,992.0,992.0
loss,Lyoto Machida,2009-05-23,Rashad Evans,Lyoto Machida,2.147,1.971,3.583,0.8,0.455,0.0,1.0,0.0,0.0,0.0,0.0,0.0,0.0,0.0,984.0,1000.0
win,Rashad Evans,2008-12-27,Rashad Evans,Forrest Griffin,1.972,1.77,3.818,0.8,0.4,0.0,1.0,0.0,0.0,0.0,0.0,0.0,0.0,0.0,1000.0,1000.0
win,Rashad Evans,2008-09-06,Rashad Evans,Chuck Liddell,1.977,1.788,4.2,0.8,0.333,0.0,1.0,0.0,0.0,0.0,0.0,0.0,0.0,0.0,992.0,1011.1446912175624
win,Rashad Evans,2007-11-17,Rashad Evans,Michael Bisping,2.042,1.659,4.0,0.8,0.375,0.0,1.0,0.0,0.0,0.0,0.0,0.0,0.0,0.0,1016.0,1000.0
draw,Draw,2007-07-07,Rashad Evans,Tito Ortiz,2.176,1.669,4.25,1.0,0.375,0.0,1.0,0.0,0.0,0.0,0.0,0.0,0.0,0.0,1155.3011328859156,1000.0
win,Rashad Evans,2007-01-25,Rashad Evans,Sean Salmon,2.179,1.671,4.857,1.0,0.286,0.0,1.0,0.0,0.0,0.0,0.0,0.0,0.0,0.0,1016.0,1000.0
win,Rashad Evans,2006-09-23,Rashad Evans,Jason Lambert,2.057,1.757,4.333,1.0,0.167,0.0,1.0,0.0,0.0,0.0,0.0,0.0,0.0,0.0,992.0,1000.0
win,Rashad Evans,2006-06-28,Rashad Evans,Stephan Bonnar,2.295,2.003,3.8,1.0,0.2,0.0,1.0,0.0,0.0,0.0,0.0,0.0,0.0,0.0,1023.0,1000.0
win,Rashad Evans,2006-04-06,Rashad Evans,Sam Hoger,2.558,2.281,2.5,1.0,0.25,0.0,1.0,0.0,0.0,0.0,0.0,0.0,0.0,0.0,1024.0,1000.0
win,Rashad Evans,2005-11-05,Rashad Evans,Brad Imes,2.218,2.007,3.333,1.0,0.333,0.0,1.0,0.0,0.0,0.0,0.0,0.0,0.0,0.0,1000.0,1000.0
win,Rashad Evans,2004-06-03,Rashad Evans,Hector Ramirez,6.176,0.882,2.0,1.0,1.0,0.0,1.0,0.0,0.0,0.0,0.0,0.0,0.0,0.0,1000.0,1000.0
win,Rashad Evans,2004-06-03,Rashad Evans,Jaime Jara,6.176,0.882,2.0,1.0,1.0,0.0,1.0,0.0,0.0,0.0,0.0,0.0,0.0,0.0,1226.2736075696002,1000.0
win,Rashad Evans,2004-06-02,Rashad Evans,Bryan Pardoe,0.0,0.0,0.0,0.0,0.0,0.0,0.0,0.0,0.0,0.0,0.0,0.0,0.0,0.0,975.8229418540654,1000.0
loss,Mark Bocek,2007-12-29,Doug Evans,Mark Bocek,2.353,4.0,4.0,0.0,0.0,0.0,1.0,1.22,6.305,0.0,0.0,0.0,0.0,1.0,1108.2198,1000.0
loss,Roger Huerta,2007-06-23,Doug Evans,Roger Huerta,0.0,0.0,0.0,0.0,0.0,0.0,0.0,0.0,0.0,0.0,0.0,0.0,0.0,0.0,1008.0,1000.0
loss,Ailin Perez,2023-07-15,Ashlee Evans-Smith,Ailin Perez,4.54,4.686,0.875,0.2,0.333,0.0,1.0,1.616,1.515,1.0,0.0,0.0,0.0,1.0,1046.0,1023.0
loss,Norma Dumont,2020-11-28,Ashlee Evans-Smith,Norma Dumont,4.864,4.392,1.0,0.4,0.333,0.0,1.0,0.0,0.0,0.0,0.0,0.0,0.0,0.0,972.8553087824376,1000.0
loss,Andrea Lee,2019-02-17,Ashlee Evans-Smith,Andrea Lee,4.97,3.704,0.833,0.6,0.333,0.0,1.0,0.0,0.0,0.0,0.0,0.0,0.0,0.0,1000.0,1000.0
win,Ashlee Evans-Smith,2018-04-07,Ashlee Evans-Smith,Bec Rawlings,4.15,3.063,0.8,0.4,0.5,0.0,1.0,5.06,1.687,0.0,1.0,0.0,1.0,1.0,1000.0,1000.0
loss,Sarah Moras,2017-09-09,Ashlee Evans-Smith,Sarah Moras,4.335,3.183,1.0,0.5,0.5,0.0,1.0,0.0,0.0,0.0,0.0,0.0,0.0,0.0,1069.0,1000.0
loss,Ketlen Vieira,2017-04-15,Ashlee Evans-Smith,Ketlen Vieira,4.244,2.473,1.333,0.667,0.5,0.0,1.0,0.0,0.0,0.0,0.0,0.0,0.0,0.0,1000.0,999.936
win,Ashlee Evans-Smith,2016-09-03,Ashlee Evans-Smith,Veronica Hardy,3.303,2.902,1.0,0.5,0.0,0.0,1.0,0.0,0.0,0.0,0.0,0.0,0.0,0.0,1008.0,1000.0
win,Ashlee Evans-Smith,2016-02-21,Ashlee Evans-Smith,Marion Reneau,2.207,1.003,1.0,0.0,0.0,0.0,1.0,0.0,0.0,0.0,0.0,0.0,0.0,0.0,1000.0,1000.0
loss,Raquel Pennington,2014-12-06,Ashlee Evans-Smith,Raquel Pennington,0.0,0.0,0.0,0.0,0.0,0.0,0.0,0.0,0.0,0.0,0.0,0.0,0.0,0.0,1242.1127600994723,1000.0
loss,Pat Barry,2008-12-27,Dan Evensen,Pat Barry,0.407,4.678,0.0,0.0,0.0,0.0,1.0,0.0,0.0,0.0,0.0,0.0,0.0,0.0,1016.0,1008.0
loss,Cheick Kongo,2008-08-09,Dan Evensen,Cheick Kongo,0.0,0.0,0.0,0.0,0.0,0.0,0.0,0.0,0.0,0.0,0.0,0.0,0.0,0.0,1000.0,1000.0
loss,Lina Lansberg,2019-06-01,Tonya Evinger,Lina Lansberg,1.504,4.331,0.5,0.0,0.0,0.0,1.0,0.0,0.0,0.0,0.0,0.0,0.0,0.0,1020.0,1000.0
loss,Aspen Ladd,2018-10-06,Tonya Evinger,Aspen Ladd,1.375,3.153,0.667,0.0,0.0,0.0,1.0,0.0,0.0,0.0,0.0,0.0,0.0,0.0,1000.0,1000.0
loss,Cristiane Justino,2017-07-29,Tonya Evinger,Cristiane Justino,0.503,1.118,0.5,0.0,0.0,0.0,1.0,0.0,0.0,0.0,0.0,0.0,0.0,0.0,1000.0,1000.0
loss,Sara McMann,2011-07-29,Tonya Evinger,Sara McMann,0.347,0.694,1.0,0.0,0.0,0.0,1.0,0.0,0.0,0.0,0.0,0.0,0.0,0.0,1030.0,1000.0
loss,Gina Carano,2007-09-15,Tonya Evinger,Gina Carano,0.0,0.0,0.0,0.0,0.0,0.0,0.0,0.0,0.0,0.0,0.0,0.0,0.0,0.0,999.936,1000.0
win,Movsar Evloev,2026-03-21,Movsar Evloev,Lerone Murphy,3.993,2.659,4.667,1.0,0.0,0.0,1.0,3.36,1.64,0.0,1.0,0.0,0.0,1.0,1166.1722121879297,1000.0
win,Movsar Evloev,2024-12-07,Movsar Evloev,Aljamain Sterling,4.425,2.892,4.75,1.0,0.0,0.0,1.0,2.473,0.43,2.0,1.0,0.0,1.0,1.0,1024.0,1000.0
win,Movsar Evloev,2024-01-20,Movsar Evloev,Arnold Allen,4.571,2.743,4.714,1.0,0.0,0.0,1.0,0.0,0.0,0.0,0.0,0.0,0.0,0.0,1115.795186,1008.0
win,Movsar Evloev,2023-05-06,Movsar Evloev,Diego Lopes,4.356,2.789,4.833,1.0,0.0,0.0,1.0,0.0,0.0,0.0,0.0,0.0,0.0,0.0,1000.0,1000.0
win,Movsar Evloev,2022-06-04,Movsar Evloev,Dan Ige,4.32,2.787,4.0,1.0,0.0,0.0,1.0,4.667,4.0,1.0,0.0,0.0,0.0,1.0,1048.0,1000.0
win,Movsar Evloev,2021-06-12,Movsar Evloev,Hakeem Dawodu,4.7,2.833,2.75,1.0,0.0,0.0,1.0,0.0,0.0,0.0,0.0,0.0,0.0,0.0,1225.1648668925093,1000.0
win,Movsar Evloev,2021-01-23,Movsar Evloev,Nik Lentz,4.444,2.756,3.0,1.0,0.0,0.0,1.0,3.067,1.6,4.0,1.0,0.0,0.0,1.0,1000.0,1000.0
win,Movsar Evloev,2020-07-25,Movsar Evloev,Mike Grundy,4.033,3.467,4.5,1.0,0.0,0.0,1.0,0.0,0.0,0.0,0.0,0.0,0.0,0.0,992.0,1000.0
win,Movsar Evloev,2019-10-26,Movsar Evloev,Enrique Barzola,3.333,1.733,5.0,1.0,0.0,0.0,1.0,0.0,0.0,0.0,0.0,0.0,0.0,0.0,1000.0,1000.0
win,Movsar Evloev,2019-04-20,Movsar Evloev,SeungWoo Choi,0.0,0.0,0.0,0.0,0.0,0.0,0.0,0.0,0.0,0.0,0.0,0.0,0.0,0.0,1177.8042670410848,1016.0
loss,Charles Jourdain,2021-12-18,Andre Ewell,Charles Jourdain,4.351,4.297,0.25,0.4,0.0,0.0,1.0,6.572,7.964,0.0,0.0,0.0,0.0,1.0,1027.326298692876,1166.4779683482088
loss,Julio Arce,2021-07-24,Andre Ewell,Julio Arce,4.42,4.254,0.286,0.6,0.0,0.0,1.0,6.262,3.639,1.0,1.0,1.0,0.0,1.0,1008.0,1000.0
loss,Chris Gutierrez,2021-02-13,Andre Ewell,Chris Gutierrez,4.504,4.195,0.167,0.6,0.0,0.0,1.0,0.0,0.0,0.0,0.0,0.0,0.0,0.0,1000.0,1000.0
win,Andre Ewell,2020-09-19,Andre Ewell,Irwin Rivera,3.739,3.946,0.2,0.6,0.0,0.0,1.0,0.0,0.0,0.0,0.0,0.0,0.0,0.0,992.0,1000.0
win,Andre Ewell,2020-02-08,Andre Ewell,Jonathan Martinez,3.323,3.827,0.25,0.5,0.0,0.0,1.0,0.0,0.0,0.0,0.0,0.0,0.0,0.0,1037.0669155687492,1000.0
loss,Marlon Vera,2019-10-12,Andre Ewell,Marlon Vera,3.19,3.167,0.333,0.667,0.0,0.0,1.0,0.0,0.0,0.0,0.0,0.0,0.0,0.0,1000.0,1000.0
win,Andre Ewell,2019-06-22,Andre Ewell,Anderson Dos Santos,2.329,3.596,0.5,0.5,0.0,0.0,1.0,0.0,0.0,0.0,0.0,0.0,0.0,0.0,1048.0,1000.0
loss,Nathaniel Wood,2018-12-29,Andre Ewell,Nathaniel Wood,3.533,2.933,1.0,1.0,0.0,0.0,1.0,4.521,5.068,0.0,1.0,0.0,1.0,1.0,992.0,1000.0
win,Andre Ewell,2018-09-22,Andre Ewell,Renan Barao,0.0,0.0,0.0,0.0,0.0,0.0,0.0,3.067,1.933,6.0,1.0,0.0,0.0,1.0,1082.0,1000.0
loss,Yuri Panferov,2025-08-12,Chris Ewert,Yuri Panferov,0.0,0.0,0.0,0.0,0.0,0.0,0.0,0.0,0.0,0.0,0.0,0.0,0.0,0.0,992.0,1000.0
win,Ethyn Ewing,2026-04-04,Ethyn Ewing,Rafael Estevam,5.667,5.133,3.0,1.0,0.0,0.0,1.0,2.641,2.323,4.6,1.0,0.4,0.0,1.0,1008.0,1000.0
win,Ethyn Ewing,2025-11-15,Ethyn Ewing,Malcolm Wellmaker,0.0,0.0,0.0,0.0,0.0,0.0,0.0,0.0,0.0,0.0,0.0,0.0,0.0,0.0,1000.0,1000.0
loss,Jose Delano,2025-08-19,Manuel Exposito,Jose Delano,0.0,0.0,0.0,0.0,0.0,0.0,0.0,0.0,0.0,0.0,0.0,0.0,0.0,0.0,1008.0,1000.0
loss,Maycee Barber,2022-07-02,Jessica Eye,Maycee Barber,3.964,4.186,0.533,0.2,0.2,0.0,1.0,0.0,0.0,0.0,0.0,0.0,0.0,0.0,1000.0,1000.0
loss,Jennifer Maia,2021-07-10,Jessica Eye,Jennifer Maia,3.764,4.011,0.429,0.4,0.2,0.0,1.0,0.0,0.0,0.0,0.0,0.0,0.0,0.0,1000.0,1000.0
loss,Joanne Wood,2021-01-23,Jessica Eye,Joanne Wood,3.654,3.541,0.385,0.6,0.2,0.0,1.0,0.0,0.0,0.0,0.0,0.0,0.0,0.0,984.0,1000.0
loss,Cynthia Calvillo,2020-06-13,Jessica Eye,Cynthia Calvillo,3.786,3.39,0.417,0.8,0.2,0.0,1.0,2.533,3.2,1.0,0.0,0.0,0.0,1.0,992.0,1008.0
win,Jessica Eye,2019-12-14,Jessica Eye,Viviane Araujo,3.505,3.355,0.455,0.6,0.25,0.0,1.0,0.0,0.0,0.0,0.0,0.0,0.0,0.0,1000.0,1000.0
loss,Valentina Shevchenko,2019-06-08,Jessica Eye,Valentina Shevchenko,3.625,3.428,0.5,0.6,0.25,0.0,1.0,0.0,0.0,0.0,0.0,0.0,0.0,0.0,1000.0,1000.0
win,Jessica Eye,2018-12-08,Jessica Eye,Katlyn Cerminara,3.415,3.32,0.556,0.4,0.333,0.0,1.0,0.0,0.0,0.0,0.0,0.0,0.0,0.0,1000.0,1000.0
win,Jessica Eye,2018-06-23,Jessica Eye,Jessica-Rose Clark,3.274,3.309,0.5,0.2,0.5,0.0,1.0,0.0,0.0,0.0,0.0,0.0,0.0,0.0,1209.4033262100336,1000.0
win,Jessica Eye,2018-01-14,Jessica Eye,Kalindra Faria,3.523,3.43,0.143,0.2,1.0,0.0,1.0,0.0,0.0,0.0,0.0,0.0,0.0,0.0,1014.0,1000.0
loss,Bethe Correia,2016-09-10,Jessica Eye,Bethe Correia,3.534,3.46,0.167,0.2,1.0,0.0,1.0,0.0,0.0,0.0,0.0,0.0,0.0,0.0,1008.0,1000.0
loss,Sara McMann,2016-05-29,Jessica Eye,Sara McMann,4.18,3.91,0.2,0.2,1.0,0.0,1.0,1.2,0.533,5.0,1.0,0.0,0.0,1.0,1016.0,1016.0
loss,Julianna Pena,2015-10-03,Jessica Eye,Julianna Pena,4.816,4.388,0.0,0.25,1.0,0.0,1.0,0.0,0.0,0.0,0.0,0.0,0.0,0.0,976.0,1000.0
loss,Miesha Tate,2015-07-25,Jessica Eye,Miesha Tate,5.26,4.603,0.0,0.333,1.0,0.0,1.0,0.0,0.0,0.0,0.0,0.0,0.0,0.0,1123.34084902,1008.0
win,Jessica Eye,2014-11-15,Jessica Eye,Leslie Smith,3.733,4.667,0.0,0.0,0.0,0.0,1.0,0.0,0.0,0.0,0.0,0.0,0.0,0.0,1011.0669155687492,1000.0
loss,Alexis Davis,2014-02-22,Jessica Eye,Alexis Davis,4.333,5.8,0.0,0.0,0.0,0.0,1.0,0.0,0.0,0.0,0.0,0.0,0.0,0.0,1008.0,1140.0
nc,Draw,2013-10-19,Jessica Eye,Sarah Kaufman,0.0,0.0,0.0,0.0,0.0,0.0,0.0,0.0,0.0,0.0,0.0,0.0,0.0,0.0,1130.76,1017.24
